year,day_of_year,blossom_date,century,feb_mean_temp_c,mar_mean_temp_c,apr_mean_temp_c,may_mean_temp_c
812,92,Apr 02,9,,,,
815,105,Apr 15,9,,,,
831,96,Apr 06,9,,,,
851,108,Apr 18,9,,,,
853,104,Apr 14,9,,,,
864,100,Apr 10,9,,,,
866,106,Apr 16,9,,,,
869,95,Apr 05,9,,,,
889,104,Apr 14,9,,,,
891,109,Apr 19,9,,,,
892,108,Apr 18,9,,,,
894,106,Apr 16,9,,,,
895,104,Apr 14,9,,,,
896,104,Apr 14,9,,,,
902,102,Apr 12,10,,,,
908,98,Apr 08,10,,,,
912,95,Apr 05,10,,,,
913,110,Apr 20,10,,,,
917,95,Apr 05,10,,,,
923,104,Apr 14,10,,,,
926,98,Apr 08,10,,,,
930,97,Apr 07,10,,,,
933,106,Apr 16,10,,,,
941,109,Apr 19,10,,,,
949,107,Apr 17,10,,,,
950,95,Apr 05,10,,,,
955,89,Mar 30,10,,,,
957,112,Apr 22,10,,,,
958,109,Apr 19,10,,,,
959,97,Apr 07,10,,,,
960,101,Apr 11,10,,,,
961,87,Mar 28,10,,,,
963,94,Apr 04,10,,,,
965,104,Apr 14,10,,,,
966,98,Apr 08,10,,,,
967,103,Apr 13,10,,,,
969,98,Apr 08,10,,,,
972,107,Apr 17,10,,,,
974,108,Apr 18,10,,,,
975,101,Apr 11,10,,,,
977,112,Apr 22,10,,,,
979,104,Apr 14,10,,,,
985,94,Apr 04,10,,,,
989,100,Apr 10,10,,,,
991,104,Apr 14,10,,,,
1000,105,Apr 15,11,,,,
1004,117,Apr 27,11,,,,
1006,100,Apr 10,11,,,,
1007,106,Apr 16,11,,,,
1014,115,Apr 25,11,,,,
1016,111,Apr 21,11,,,,
1017,99,Apr 09,11,,,,
1018,113,Apr 23,11,,,,
1019,98,Apr 08,11,,,,
1029,116,Apr 26,11,,,,
1031,97,Apr 07,11,,,,
1032,111,Apr 21,11,,,,
1033,102,Apr 12,11,,,,
1034,96,Apr 06,11,,,,
1036,104,Apr 14,11,,,,
1041,103,Apr 13,11,,,,
1046,103,Apr 13,11,,,,
1048,112,Apr 22,11,,,,
1050,105,Apr 15,11,,,,
1060,108,Apr 18,11,,,,
1061,92,Apr 02,11,,,,
1066,105,Apr 15,11,,,,
1071,113,Apr 23,11,,,,
1073,103,Apr 13,11,,,,
1080,102,Apr 12,11,,,,
1083,96,Apr 06,11,,,,
1084,120,Apr 30,11,,,,
1088,104,Apr 14,11,,,,
1090,105,Apr 15,11,,,,
1093,105,Apr 15,11,,,,
1095,100,Apr 10,11,,,,
1096,96,Apr 06,11,,,,
1098,100,Apr 10,11,,,,
1099,103,Apr 13,11,,,,
1102,104,Apr 14,12,,,,
1104,108,Apr 18,12,,,,
1105,114,Apr 24,12,,,,
1107,105,Apr 15,12,,,,
1111,113,Apr 23,12,,,,
1112,104,Apr 14,12,,,,
1114,100,Apr 10,12,,,,
1117,109,Apr 19,12,,,,
1118,102,Apr 12,12,,,,
1120,104,Apr 14,12,,,,
1123,112,Apr 22,12,,,,
1124,98,Apr 08,12,,,,
1125,111,Apr 21,12,,,,
1126,108,Apr 18,12,,,,
1127,107,Apr 17,12,,,,
1128,111,Apr 21,12,,,,
1129,106,Apr 16,12,,,,
1130,103,Apr 13,12,,,,
1131,103,Apr 13,12,,,,
1134,106,Apr 16,12,,,,
1139,113,Apr 23,12,,,,
1140,103,Apr 13,12,,,,
1141,111,Apr 21,12,,,,
1143,110,Apr 20,12,,,,
1145,107,Apr 17,12,,,,
1151,109,Apr 19,12,,,,
1154,96,Apr 06,12,,,,
1156,90,Mar 31,12,,,,
1159,103,Apr 13,12,,,,
1161,112,Apr 22,12,,,,
1163,112,Apr 22,12,,,,
1164,100,Apr 10,12,,,,
1165,106,Apr 16,12,,,,
1166,95,Apr 05,12,,,,
1167,111,Apr 21,12,,,,
1169,112,Apr 22,12,,,,
1170,113,Apr 23,12,,,,
1172,103,Apr 13,12,,,,
1173,117,Apr 27,12,,,,
1174,112,Apr 22,12,,,,
1175,113,Apr 23,12,,,,
1176,113,Apr 23,12,,,,
1179,103,Apr 13,12,,,,
1180,98,Apr 08,12,,,,
1182,104,Apr 14,12,,,,
1183,101,Apr 11,12,,,,
1184,115,Apr 25,12,,,,
1185,115,Apr 25,12,,,,
1187,104,Apr 14,12,,,,
1188,107,Apr 17,12,,,,
1190,112,Apr 22,12,,,,
1191,106,Apr 16,12,,,,
1194,119,Apr 29,12,,,,
1199,109,Apr 19,12,,,,
1200,104,Apr 14,13,,,,
1201,96,Apr 06,13,,,,
1202,106,Apr 16,13,,,,
1203,105,Apr 15,13,,,,
1204,110,Apr 20,13,,,,
1205,105,Apr 15,13,,,,
1207,104,Apr 14,13,,,,
1210,112,Apr 22,13,,,,
1212,98,Apr 08,13,,,,
1213,107,Apr 17,13,,,,
1214,102,Apr 12,13,,,,
1215,108,Apr 18,13,,,,
1216,101,Apr 11,13,,,,
1219,101,Apr 11,13,,,,
1220,109,Apr 19,13,,,,
1221,99,Apr 09,13,,,,
1223,116,Apr 26,13,,,,
1225,105,Apr 15,13,,,,
1226,106,Apr 16,13,,,,
1227,111,Apr 21,13,,,,
1229,97,Apr 07,13,,,,
1230,102,Apr 12,13,,,,
1231,101,Apr 11,13,,,,
1232,92,Apr 02,13,,,,
1233,105,Apr 15,13,,,,
1235,110,Apr 20,13,,,,
1236,87,Mar 28,13,,,,
1240,106,Apr 16,13,,,,
1244,108,Apr 18,13,,,,
1245,108,Apr 18,13,,,,
1246,98,Apr 08,13,,,,
1247,106,Apr 16,13,,,,
1249,108,Apr 18,13,,,,
1250,116,Apr 26,13,,,,
1251,100,Apr 10,13,,,,
1254,110,Apr 20,13,,,,
1257,94,Apr 04,13,,,,
1259,96,Apr 06,13,,,,
1262,97,Apr 07,13,,,,
1263,120,Apr 30,13,,,,
1264,103,Apr 13,13,,,,
1265,98,Apr 08,13,,,,
1267,105,Apr 15,13,,,,
1268,103,Apr 13,13,,,,
1269,100,Apr 10,13,,,,
1271,100,Apr 10,13,,,,
1275,107,Apr 17,13,,,,
1278,113,Apr 23,13,,,,
1279,101,Apr 11,13,,,,
1280,102,Apr 12,13,,,,
1283,103,Apr 13,13,,,,
1284,102,Apr 12,13,,,,
1285,105,Apr 15,13,,,,
1286,112,Apr 22,13,,,,
1287,110,Apr 20,13,,,,
1288,108,Apr 18,13,,,,
1289,107,Apr 17,13,,,,
1292,107,Apr 17,13,,,,
1294,101,Apr 11,13,,,,
1295,102,Apr 12,13,,,,
1301,95,Apr 05,14,,,,
1302,96,Apr 06,14,,,,
1307,104,Apr 14,14,,,,
1311,94,Apr 04,14,,,,
1312,100,Apr 10,14,,,,
1314,101,Apr 11,14,,,,
1315,111,Apr 21,14,,,,
1316,103,Apr 13,14,,,,
1317,102,Apr 12,14,,,,
1319,116,Apr 26,14,,,,
1321,102,Apr 12,14,,,,
1322,106,Apr 16,14,,,,
1323,124,May 04,14,,,,
1324,98,Apr 08,14,,,,
1326,107,Apr 17,14,,,,
1329,112,Apr 22,14,,,,
1330,108,Apr 18,14,,,,
1331,112,Apr 22,14,,,,
1332,115,Apr 25,14,,,,
1342,110,Apr 20,14,,,,
1344,102,Apr 12,14,,,,
1346,107,Apr 17,14,,,,
1347,109,Apr 19,14,,,,
1349,112,Apr 22,14,,,,
1350,101,Apr 11,14,,,,
1351,115,Apr 25,14,,,,
1356,117,Apr 27,14,,,,
1357,107,Apr 17,14,,,,
1358,110,Apr 20,14,,,,
1359,105,Apr 15,14,,,,
1360,101,Apr 11,14,,,,
1361,108,Apr 18,14,,,,
1363,107,Apr 17,14,,,,
1364,110,Apr 20,14,,,,
1366,112,Apr 22,14,,,,
1367,97,Apr 07,14,,,,
1368,88,Mar 29,14,,,,
1369,94,Apr 04,14,,,,
1370,109,Apr 19,14,,,,
1372,102,Apr 12,14,,,,
1373,110,Apr 20,14,,,,
1375,103,Apr 13,14,,,,
1376,99,Apr 09,14,,,,
1377,105,Apr 15,14,,,,
1378,104,Apr 14,14,,,,
1379,103,Apr 13,14,,,,
1380,102,Apr 12,14,,,,
1381,108,Apr 18,14,,,,
1382,105,Apr 15,14,,,,
1383,102,Apr 12,14,,,,
1384,98,Apr 08,14,,,,
1385,99,Apr 09,14,,,,
1386,105,Apr 15,14,,,,
1387,100,Apr 10,14,,,,
1388,99,Apr 09,14,,,,
1398,106,Apr 16,14,,,,
1401,101,Apr 11,15,,,,
1402,103,Apr 13,15,,,,
1403,104,Apr 14,15,,,,
1406,102,Apr 12,15,,,,
1407,101,Apr 11,15,,,,
1408,111,Apr 21,15,,,,
1409,86,Mar 27,15,,,,
1410,102,Apr 12,15,,,,
1412,93,Apr 03,15,,,,
1413,91,Apr 01,15,,,,
1415,105,Apr 15,15,,,,
1416,101,Apr 11,15,,,,
1417,109,Apr 19,15,,,,
1418,98,Apr 08,15,,,,
1419,100,Apr 10,15,,,,
1420,112,Apr 22,15,,,,
1421,99,Apr 09,15,,,,
1422,109,Apr 19,15,,,,
1423,96,Apr 06,15,,,,
1424,103,Apr 13,15,,,,
1425,98,Apr 08,15,,,,
1426,99,Apr 09,15,,,,
1427,102,Apr 12,15,,,,
1429,98,Apr 08,15,,,,
1430,108,Apr 18,15,,,,
1431,102,Apr 12,15,,,,
1432,104,Apr 14,15,,,,
1433,98,Apr 08,15,,,,
1434,113,Apr 23,15,,,,
1435,95,Apr 05,15,,,,
1436,101,Apr 11,15,,,,
1437,103,Apr 13,15,,,,
1438,99,Apr 09,15,,,,
1439,101,Apr 11,15,,,,
1440,98,Apr 08,15,,,,
1441,105,Apr 15,15,,,,
1443,107,Apr 17,15,,,,
1444,109,Apr 19,15,,,,
1446,108,Apr 18,15,,,,
1447,111,Apr 21,15,,,,
1448,96,Apr 06,15,,,,
1449,95,Apr 05,15,,,,
1450,100,Apr 10,15,,,,
1451,103,Apr 13,15,,,,
1452,92,Apr 02,15,,,,
1453,107,Apr 17,15,,,,
1454,105,Apr 15,15,,,,
1455,96,Apr 06,15,,,,
1456,106,Apr 16,15,,,,
1457,105,Apr 15,15,,,,
1458,112,Apr 22,15,,,,
1459,113,Apr 23,15,,,,
1460,111,Apr 21,15,,,,
1461,106,Apr 16,15,,,,
1462,106,Apr 16,15,,,,
1463,101,Apr 11,15,,,,
1464,104,Apr 14,15,,,,
1465,98,Apr 08,15,,,,
1466,105,Apr 15,15,,,,
1467,101,Apr 11,15,,,,
1468,101,Apr 11,15,,,,
1472,114,Apr 24,15,,,,
1474,98,Apr 08,15,,,,
1476,100,Apr 10,15,,,,
1477,110,Apr 20,15,,,,
1478,115,Apr 25,15,,,,
1479,110,Apr 20,15,,,,
1480,104,Apr 14,15,,,,
1481,106,Apr 16,15,,,,
1482,108,Apr 18,15,,,,
1483,101,Apr 11,15,,,,
1484,97,Apr 07,15,,,,
1485,94,Apr 04,15,,,,
1486,99,Apr 09,15,,,,
1487,93,Apr 03,15,,,,
1488,103,Apr 13,15,,,,
1489,100,Apr 10,15,,,,
1490,97,Apr 07,15,,,,
1491,107,Apr 17,15,,,,
1492,108,Apr 18,15,,,,
1493,100,Apr 10,15,,,,
1494,106,Apr 16,15,,,,
1495,94,Apr 04,15,,,,
1496,97,Apr 07,15,,,,
1497,108,Apr 18,15,,,,
1498,97,Apr 07,15,,,,
1499,111,Apr 21,15,,,,
1500,97,Apr 07,16,,,,
1501,103,Apr 13,16,,,,
1502,115,Apr 25,16,,,,
1503,108,Apr 18,16,,,,
1504,114,Apr 24,16,,,,
1505,106,Apr 16,16,,,,
1506,106,Apr 16,16,,,,
1507,108,Apr 18,16,,,,
1508,111,Apr 21,16,,,,
1509,102,Apr 12,16,,,,
1510,110,Apr 20,16,,,,
1511,111,Apr 21,16,,,,
1512,109,Apr 19,16,,,,
1513,110,Apr 20,16,,,,
1514,105,Apr 15,16,,,,
1515,111,Apr 21,16,,,,
1516,104,Apr 14,16,,,,
1517,106,Apr 16,16,,,,
1518,115,Apr 25,16,,,,
1519,111,Apr 21,16,,,,
1520,105,Apr 15,16,,,,
1521,107,Apr 17,16,,,,
1522,103,Apr 13,16,,,,
1523,109,Apr 19,16,,,,
1524,109,Apr 19,16,,,,
1525,104,Apr 14,16,,,,
1526,113,Apr 23,16,,,,
1527,105,Apr 15,16,,,,
1528,106,Apr 16,16,,,,
1529,107,Apr 17,16,,,,
1530,107,Apr 17,16,,,,
1531,103,Apr 13,16,,,,
1532,108,Apr 18,16,,,,
1533,111,Apr 21,16,,,,
1534,108,Apr 18,16,,,,
1535,95,Apr 05,16,,,,
1536,108,Apr 18,16,,,,
1537,108,Apr 18,16,,,,
1538,112,Apr 22,16,,,,
1539,120,Apr 30,16,,,,
1540,122,May 02,16,,,,
1541,109,Apr 19,16,,,,
1542,102,Apr 12,16,,,,
1543,119,Apr 29,16,,,,
1544,107,Apr 17,16,,,,
1545,97,Apr 07,16,,,,
1546,112,Apr 22,16,,,,
1547,104,Apr 14,16,,,,
1548,118,Apr 28,16,,,,
1549,117,Apr 27,16,,,,
1550,111,Apr 21,16,,,,
1551,109,Apr 19,16,,,,
1552,104,Apr 14,16,,,,
1553,119,Apr 29,16,,,,
1555,101,Apr 11,16,,,,
1556,120,Apr 30,16,,,,
1557,93,Apr 03,16,,,,
1558,111,Apr 21,16,,,,
1559,96,Apr 06,16,,,,
1560,100,Apr 10,16,,,,
1561,102,Apr 12,16,,,,
1562,99,Apr 09,16,,,,
1563,99,Apr 09,16,,,,
1564,109,Apr 19,16,,,,
1565,114,Apr 24,16,,,,
1566,97,Apr 07,16,,,,
1567,108,Apr 18,16,,,,
1568,106,Apr 16,16,,,,
1570,112,Apr 22,16,,,,
1571,108,Apr 18,16,,,,
1572,107,Apr 17,16,,,,
1574,98,Apr 08,16,,,,
1576,109,Apr 19,16,,,,
1577,100,Apr 10,16,,,,
1579,102,Apr 12,16,,,,
1580,97,Apr 07,16,,,,
1581,105,Apr 15,16,,,,
1583,108,Apr 18,16,,,,
1584,106,Apr 16,16,,,,
1585,105,Apr 15,16,,,,
1586,106,Apr 16,16,,,,
1587,105,Apr 15,16,,,,
1588,106,Apr 16,16,,,,
1589,105,Apr 15,16,,,,
1590,102,Apr 12,16,,,,
1591,94,Apr 04,16,,,,
1592,98,Apr 08,16,,,,
1593,113,Apr 23,16,,,,
1594,93,Apr 03,16,,,,
1595,111,Apr 21,16,,,,
1596,104,Apr 14,16,,,,
1597,114,Apr 24,16,,,,
1598,110,Apr 20,16,,,,
1599,103,Apr 13,16,,,,
1600,101,Apr 11,17,,,,
1601,93,Apr 03,17,,,,
1602,107,Apr 17,17,,,,
1603,99,Apr 09,17,,,,
1604,95,Apr 05,17,,,,
1605,105,Apr 15,17,,,,
1606,106,Apr 16,17,,,,
1607,110,Apr 20,17,,,,
1609,108,Apr 18,17,,,,
1610,110,Apr 20,17,,,,
1612,87,Mar 28,17,,,,
1613,106,Apr 16,17,,,,
1614,103,Apr 13,17,,,,
1615,110,Apr 20,17,,,,
1616,122,May 02,17,,,,
1617,107,Apr 17,17,,,,
1618,102,Apr 12,17,,,,
1619,93,Apr 03,17,,,,
1621,109,Apr 19,17,,,,
1622,106,Apr 16,17,,,,
1623,113,Apr 23,17,,,,
1624,112,Apr 22,17,,,,
1625,95,Apr 05,17,,,,
1626,100,Apr 10,17,,,,
1628,104,Apr 14,17,,,,
1629,112,Apr 22,17,,,,
1632,104,Apr 14,17,,,,
1633,98,Apr 08,17,,,,
1634,96,Apr 06,17,,,,
1635,97,Apr 07,17,,,,
1637,105,Apr 15,17,,,,
1638,105,Apr 15,17,,,,
1639,108,Apr 18,17,,,,
1640,103,Apr 13,17,,,,
1641,117,Apr 27,17,,,,
1642,114,Apr 24,17,,,,
1643,114,Apr 24,17,,,,
1644,105,Apr 15,17,,,,
1645,99,Apr 09,17,,,,
1646,87,Mar 28,17,,,,
1647,112,Apr 22,17,,,,
1649,104,Apr 14,17,,,,
1650,102,Apr 12,17,,,,
1651,107,Apr 17,17,,,,
1652,107,Apr 17,17,,,,
1653,112,Apr 22,17,,,,
1654,104,Apr 14,17,,,,
1655,104,Apr 14,17,,,,
1656,103,Apr 13,17,,,,
1658,108,Apr 18,17,,,,
1660,111,Apr 21,17,,,,
1661,93,Apr 03,17,,,,
1662,110,Apr 20,17,,,,
1663,105,Apr 15,17,,,,
1664,105,Apr 15,17,,,,
1665,112,Apr 22,17,,,,
1666,108,Apr 18,17,,,,
1667,112,Apr 22,17,,,,
1668,110,Apr 20,17,,,,
1669,104,Apr 14,17,,,,
1670,102,Apr 12,17,,,,
1671,116,Apr 26,17,,,,
1672,112,Apr 22,17,,,,
1673,105,Apr 15,17,,,,
1674,115,Apr 25,17,,,,
1675,111,Apr 21,17,,,,
1676,103,Apr 13,17,,,,
1677,96,Apr 06,17,,,,
1678,109,Apr 19,17,,,,
1679,114,Apr 24,17,,,,
1680,109,Apr 19,17,,,,
1681,110,Apr 20,17,,,,
1682,104,Apr 14,17,,,,
1683,108,Apr 18,17,,,,
1684,118,Apr 28,17,,,,
1685,106,Apr 16,17,,,,
1686,104,Apr 14,17,,,,
1687,104,Apr 14,17,,,,
1688,114,Apr 24,17,,,,
1689,97,Apr 07,17,,,,
1690,93,Apr 03,17,,,,
1691,103,Apr 13,17,,,,
1692,109,Apr 19,17,,,,
1693,107,Apr 17,17,,,,
1694,109,Apr 19,17,,,,
1695,120,Apr 30,17,,,,
1696,114,Apr 24,17,,,,
1697,111,Apr 21,17,,,,
1698,101,Apr 11,17,,,,
1699,97,Apr 07,17,,,,
1700,116,Apr 26,18,,,,
1701,112,Apr 22,18,,,,
1702,116,Apr 26,18,,,,
1703,103,Apr 13,18,,,,
1704,113,Apr 23,18,,,,
1705,109,Apr 19,18,,,,
1706,115,Apr 25,18,,,,
1707,111,Apr 21,18,,,,
1708,103,Apr 13,18,,,,
1709,106,Apr 16,18,,,,
1713,104,Apr 14,18,,,,
1714,108,Apr 18,18,,,,
1715,107,Apr 17,18,,,,
1716,110,Apr 20,18,,,,
1717,98,Apr 08,18,,,,
1718,102,Apr 12,18,,,,
1719,102,Apr 12,18,,,,
1720,114,Apr 24,18,,,,
1721,95,Apr 05,18,,,,
1722,100,Apr 10,18,,,,
1723,104,Apr 14,18,,,,
1724,99,Apr 09,18,,,,
1725,106,Apr 16,18,,,,
1726,116,Apr 26,18,,,,
1727,112,Apr 22,18,,,,
1728,104,Apr 14,18,,,,
1729,105,Apr 15,18,,,,
1731,104,Apr 14,18,,,,
1732,108,Apr 18,18,,,,
1733,107,Apr 17,18,,,,
1734,102,Apr 12,18,,,,
1735,101,Apr 11,18,,,,
1736,106,Apr 16,18,,,,
1737,93,Apr 03,18,,,,
1738,101,Apr 11,18,,,,
1739,110,Apr 20,18,,,,
1740,115,Apr 25,18,,,,
1741,109,Apr 19,18,,,,
1742,109,Apr 19,18,,,,
1743,108,Apr 18,18,,,,
1744,98,Apr 08,18,,,,
1745,105,Apr 15,18,,,,
1746,110,Apr 20,18,,,,
1747,101,Apr 11,18,,,,
1748,96,Apr 06,18,,,,
1749,100,Apr 10,18,,,,
1750,110,Apr 20,18,,,,
1751,103,Apr 13,18,,,,
1752,110,Apr 20,18,,,,
1753,96,Apr 06,18,,,,
1754,115,Apr 25,18,,,,
1755,120,Apr 30,18,,,,
1756,109,Apr 19,18,,,,
1757,112,Apr 22,18,,,,
1758,101,Apr 11,18,,,,
1759,109,Apr 19,18,,,,
1760,103,Apr 13,18,,,,
1761,89,Mar 30,18,,,,
1762,106,Apr 16,18,,,,
1763,112,Apr 22,18,,,,
1764,98,Apr 08,18,,,,
1765,106,Apr 16,18,,,,
1766,113,Apr 23,18,,,,
1767,101,Apr 11,18,,,,
1768,117,Apr 27,18,,,,
1769,105,Apr 15,18,,,,
1770,105,Apr 15,18,,,,
1771,104,Apr 14,18,,,,
1772,106,Apr 16,18,,,,
1773,100,Apr 10,18,,,,
1774,110,Apr 20,18,,,,
1775,99,Apr 09,18,,,,
1776,108,Apr 18,18,,,,
1777,104,Apr 14,18,,,,
1778,111,Apr 21,18,,,,
1779,96,Apr 06,18,,,,
1780,109,Apr 19,18,,,,
1781,91,Apr 01,18,,,,
1782,109,Apr 19,18,,,,
1783,103,Apr 13,18,,,,
1784,105,Apr 15,18,,,,
1785,108,Apr 18,18,,,,
1786,106,Apr 16,18,,,,
1787,105,Apr 15,18,,,,
1788,109,Apr 19,18,,,,
1789,106,Apr 16,18,,,,
1790,119,Apr 29,18,,,,
1791,99,Apr 09,18,,,,
1792,101,Apr 11,18,,,,
1793,106,Apr 16,18,,,,
1794,104,Apr 14,18,,,,
1795,113,Apr 23,18,,,,
1796,103,Apr 13,18,,,,
1797,97,Apr 07,18,,,,
1798,110,Apr 20,18,,,,
1799,103,Apr 13,18,,,,
1800,103,Apr 13,19,,,,
1801,105,Apr 15,19,,,,
1802,96,Apr 06,19,,,,
1803,110,Apr 20,19,,,,
1804,104,Apr 14,19,,,,
1805,93,Apr 03,19,,,,
1806,114,Apr 24,19,,,,
1807,116,Apr 26,19,,,,
1808,98,Apr 08,19,,,,
1809,107,Apr 17,19,,,,
1810,100,Apr 10,19,,,,
1811,110,Apr 20,19,,,,
1812,120,Apr 30,19,,,,
1813,107,Apr 17,19,,,,
1814,113,Apr 23,19,,,,
1815,111,Apr 21,19,,,,
1816,103,Apr 13,19,,,,
1817,110,Apr 20,19,,,,
1818,106,Apr 16,19,,,,
1819,106,Apr 16,19,,,,
1820,95,Apr 05,19,,,,
1821,109,Apr 19,19,,,,
1822,102,Apr 12,19,,,,
1823,106,Apr 16,19,,,,
1824,108,Apr 18,19,,,,
1825,114,Apr 24,19,,,,
1826,109,Apr 19,19,,,,
1827,100,Apr 10,19,,,,
1828,113,Apr 23,19,,,,
1829,112,Apr 22,19,,,,
1830,105,Apr 15,19,,,,
1831,114,Apr 24,19,,,,
1832,113,Apr 23,19,,,,
1833,107,Apr 17,19,,,,
1834,111,Apr 21,19,,,,
1835,112,Apr 22,19,,,,
1836,112,Apr 22,19,,,,
1837,111,Apr 21,19,,,,
1838,109,Apr 19,19,,,,
1839,120,Apr 30,19,,,,
1840,105,Apr 15,19,,,,
1841,107,Apr 17,19,,,,
1842,96,Apr 06,19,,,,
1843,106,Apr 16,19,,,,
1844,106,Apr 16,19,,,,
1845,102,Apr 12,19,,,,
1846,98,Apr 08,19,,,,
1847,107,Apr 17,19,,,,
1848,102,Apr 12,19,,,,
1849,100,Apr 10,19,,,,
1850,109,Apr 19,19,,,,
1851,102,Apr 12,19,,,,
1852,113,Apr 23,19,,,,
1853,102,Apr 12,19,,,,
1854,102,Apr 12,19,,,,
1855,101,Apr 11,19,,,,
1856,111,Apr 21,19,,,,
1857,108,Apr 18,19,,,,
1858,104,Apr 14,19,,,,
1859,110,Apr 20,19,,,,
1860,113,Apr 23,19,,,,
1861,100,Apr 10,19,,,,
1862,117,Apr 27,19,,,,
1863,118,Apr 28,19,,,,
1864,105,Apr 15,19,,,,
1865,97,Apr 07,19,,,,
1866,102,Apr 12,19,,,,
1867,101,Apr 11,19,,,,
1868,104,Apr 14,19,,,,
1869,105,Apr 15,19,,,,
1870,99,Apr 09,19,,,,
1871,104,Apr 14,19,,,,
1873,104,Apr 14,19,,,,
1874,107,Apr 17,19,,,,
1875,103,Apr 13,19,,,,
1876,111,Apr 21,19,,,,
1877,104,Apr 14,19,,,,
1878,101,Apr 11,19,,,,
1879,102,Apr 12,19,,,,
1880,110,Apr 20,19,,,,
1881,112,Apr 22,19,2.5,4.7,11.7,17.1
1882,97,Apr 07,19,4.4,5.5,13.0,16.5
1883,107,Apr 17,19,3.1,5.6,11.6,16.1
1884,109,Apr 19,19,1.6,5.6,11.7,16.7
1885,113,Apr 23,19,1.2,3.8,12.5,15.9
1886,108,Apr 18,19,1.0,7.0,12.4,16.9
1887,109,Apr 19,19,2.9,5.3,12.1,15.5
1888,107,Apr 17,19,1.7,7.5,13.1,17.2
1889,109,Apr 19,19,2.6,6.6,12.5,15.6
1890,98,Apr 08,19,6.6,8.6,14.2,17.3
1891,99,Apr 09,19,3.8,7.8,12.1,17.6
1892,115,Apr 25,19,2.8,4.7,12.4,16.4
1893,109,Apr 19,19,0.8,5.0,12.0,15.8
1894,98,Apr 08,19,2.5,7.5,13.3,16.1
1896,106,Apr 16,19,2.9,4.6,13.4,16.4
1897,106,Apr 16,19,2.9,6.2,11.1,16.5
1898,108,Apr 18,19,3.9,5.4,10.5,16.5
1899,99,Apr 09,19,4.0,7.1,12.0,18.0
1900,102,Apr 12,20,2.6,5.2,12.3,17.5
1901,102,Apr 12,20,1.6,5.2,13.2,15.9
1902,98,Apr 08,20,2.4,7.8,10.7,16.5
1903,99,Apr 09,20,3.5,8.5,13.2,15.2
1904,108,Apr 18,20,4.0,6.3,13.4,16.1
1905,105,Apr 15,20,2.3,6.4,11.1,16.8
1906,105,Apr 15,20,3.3,6.6,11.5,16.5
1907,103,Apr 13,20,1.2,5.4,12.0,16.2
1908,102,Apr 12,20,2.4,6.2,11.9,16.0
1909,108,Apr 18,20,2.0,5.6,12.5,16.5
1910,104,Apr 14,20,2.0,4.7,11.4,16.9
1911,98,Apr 08,20,3.6,7.7,11.8,16.3
1912,105,Apr 15,20,5.9,7.0,12.5,16.8
1913,103,Apr 13,20,3.3,4.6,13.8,15.9
1914,102,Apr 12,20,4.1,9.0,11.1,17.7
1915,102,Apr 12,20,4.2,5.6,12.5,16.5
1916,112,Apr 22,20,4.5,4.9,12.5,17.6
1917,103,Apr 13,20,2.7,6.1,12.1,15.2
1918,104,Apr 14,20,3.1,6.5,12.2,15.9
1920,104,Apr 14,20,3.1,7.2,12.2,16.4
1922,101,Apr 11,20,6.5,5.8,12.8,17.6
1923,97,Apr 07,20,3.7,8.1,12.2,17.9
1924,111,Apr 21,20,3.7,4.0,13.8,16.2
1925,108,Apr 18,20,2.2,5.3,10.7,16.9
1926,108,Apr 18,20,3.8,5.4,10.5,16.6
1927,107,Apr 17,20,2.0,6.1,12.4,16.1
1928,107,Apr 17,20,2.9,6.4,12.5,18.5
1929,103,Apr 13,20,2.2,5.9,12.1,16.4
1930,95,Apr 05,20,4.8,8.3,13.9,17.7
1931,105,Apr 15,20,3.4,6.8,11.6,16.4
1932,105,Apr 15,20,3.0,5.8,11.0,17.8
1933,106,Apr 16,20,2.7,5.2,12.7,18.7
1934,104,Apr 14,20,2.5,5.5,11.4,17.8
1935,102,Apr 12,20,4.4,6.8,12.2,17.4
1936,111,Apr 21,20,1.4,4.5,11.6,16.7
1937,100,Apr 10,20,6.1,7.3,12.5,17.3
1938,98,Apr 08,20,2.4,9.0,12.5,18.5
1939,104,Apr 14,20,3.4,6.8,12.7,17.5
1940,110,Apr 20,20,2.6,6.3,12.2,17.4
1941,100,Apr 10,20,4.1,7.7,11.8,17.8
1942,96,Apr 06,20,3.1,9.9,12.1,16.7
1943,101,Apr 11,20,2.7,6.1,10.9,17.5
1944,100,Apr 10,20,2.5,5.7,11.0,18.8
1946,97,Apr 07,20,3.4,6.1,13.3,16.7
1947,107,Apr 17,20,1.4,5.4,12.0,16.4
1948,102,Apr 12,20,4.1,6.4,13.5,17.9
1949,107,Apr 17,20,5.8,5.5,10.4,18.1
1950,99,Apr 09,20,4.4,6.8,13.8,19.1
1951,98,Apr 08,20,4.8,7.4,12.5,18.0
1952,105,Apr 15,20,3.3,6.8,13.3,17.7
1953,101,Apr 11,20,4.0,8.6,11.6,17.8
1954,98,Apr 08,20,5.3,7.6,14.5,18.0
1955,97,Apr 07,20,5.6,9.0,14.1,18.2
1956,99,Apr 09,20,3.4,8.3,12.8,17.3
1957,103,Apr 13,20,3.6,5.2,14.1,16.7
1958,99,Apr 09,20,5.3,7.5,13.9,17.9
1959,92,Apr 02,20,7.5,9.0,14.0,18.4
1960,95,Apr 05,20,5.4,8.9,12.3,18.0
1961,99,Apr 09,20,3.3,8.0,14.1,19.0
1962,102,Apr 12,20,4.8,7.3,13.1,18.1
1963,101,Apr 11,20,2.3,7.0,14.2,19.0
1964,99,Apr 09,20,3.2,6.6,17.2,19.3
1965,110,Apr 20,20,3.8,5.5,10.7,17.9
1966,97,Apr 07,20,5.7,8.5,13.5,17.4
1967,97,Apr 07,20,4.1,7.7,13.8,19.9
1968,99,Apr 09,20,2.3,8.0,14.3,18.1
1969,101,Apr 11,20,5.0,6.9,13.8,19.0
1970,107,Apr 17,20,5.1,5.0,13.1,19.2
1971,98,Apr 08,20,5.1,7.4,13.6,18.5
1972,99,Apr 09,20,5.8,8.8,14.4,18.7
1973,97,Apr 07,20,6.9,7.8,15.8,18.4
1974,99,Apr 09,20,4.2,7.0,14.4,19.3
1975,100,Apr 10,20,3.7,7.4,14.1,18.5
1976,99,Apr 09,20,6.7,7.9,13.5,18.2
1977,93,Apr 03,20,2.9,8.7,14.5,18.7
1978,104,Apr 14,20,3.5,7.6,13.4,19.3
1979,97,Apr 07,20,7.5,8.0,12.9,17.9
1980,102,Apr 12,20,3.5,7.3,12.7,18.6
1981,99,Apr 09,20,3.9,8.3,13.5,17.7
1982,93,Apr 03,20,4.3,8.6,13.4,20.2
1983,99,Apr 09,20,4.5,7.8,15.9,19.4
1984,109,Apr 19,20,2.3,5.1,13.1,18.4
1985,99,Apr 09,20,5.5,8.5,14.6,19.7
1986,102,Apr 12,20,2.6,7.6,14.1,18.0
1987,95,Apr 05,20,5.3,8.2,13.9,18.8
1988,106,Apr 16,20,3.9,7.3,13.5,18.2
1989,93,Apr 03,20,6.6,8.2,14.5,18.1
1990,88,Mar 29,20,7.9,9.3,13.8,18.6
1991,97,Apr 07,20,4.3,9.4,15.0,18.7
1992,94,Apr 04,20,5.1,9.7,14.4,17.1
1993,97,Apr 07,20,6.1,7.6,13.3,18.2
1994,99,Apr 09,20,4.6,7.1,15.6,20.0
1995,99,Apr 09,20,4.9,8.6,13.6,18.2
1996,103,Apr 13,20,3.7,7.7,11.7,18.8
1997,97,Apr 07,20,4.6,9.3,14.4,19.3
1998,91,Apr 01,20,7.0,9.7,17.3,21.2
1999,94,Apr 04,20,4.7,9.9,14.1,19.9
2000,100,Apr 10,21,3.6,7.5,13.5,20.2
2001,96,Apr 06,21,5.3,8.6,14.7,20.0
2002,91,Apr 01,21,6.1,10.3,15.8,19.2
2003,98,Apr 08,21,5.5,7.3,15.1,19.6
2004,92,Apr 02,21,6.4,9.1,15.4,20.3
2005,99,Apr 09,21,4.9,7.7,15.3,18.5
2006,98,Apr 08,21,5.5,7.5,12.6,19.0
2007,97,Apr 07,21,7.3,8.6,13.5,18.9
2008,95,Apr 05,21,3.6,9.6,14.4,19.3
2009,95,Apr 05,21,6.7,8.8,14.6,19.3
2010,95,Apr 05,21,6.8,8.5,12.6,18.1
2011,99,Apr 09,21,6.3,6.8,12.5,19.0
2012,101,Apr 11,21,4.1,8.3,14.2,18.8
2013,93,Apr 03,21,4.5,9.7,13.4,19.2
2014,94,Apr 04,21,5.1,9.0,14.4,19.8
2015,93,Apr 03,21,5.6,9.4,15.6,21.2
2016,95,Apr 05,21,6.4,9.9,16.1,21.0
2017,99,Apr 09,21,5.1,8.2,14.8,20.9
2018,89,Mar 30,21,4.4,10.9,16.4,20.0
2019,95,Apr 05,21,6.9,9.6,13.9,20.7
2020,92,Apr 02,21,6.9,10.6,12.9,20.6
2021,85,Mar 26,21,7.7,11.6,14.8,19.4
2022,91,Apr 01,21,4.5,10.5,16.5,19.7
2023,84,Mar 25,21,6.0,12.3,15.4,19.7
2024,95,Apr 05,21,7.6,8.7,17.6,19.4
2025,94,Apr 04,21,4.3,10.0,15.4,20.0
2026,88,Mar 29,21,7.4,10.2,16.7,
