courier_id,birth_date,sex
2,1991-06-27,male
3,1994-05-04,male
4,1999-06-02,male
7,2003-07-09,male
9,1992-05-23,male
11,1994-12-25,male
13,1995-05-16,male
14,1989-07-22,male
17,1997-10-22,male
19,1995-03-07,male
21,1998-01-12,male
22,1990-01-05,male
23,1990-03-26,male
24,1986-04-09,male
25,1993-10-22,male
26,1994-01-24,male
30,1995-06-12,male
33,1991-11-07,male
34,1992-03-30,male
36,1990-04-28,male
38,1994-10-03,male
39,1992-10-16,male
40,1993-01-28,male
41,1991-12-15,male
42,1990-04-12,male
44,1992-04-03,male
45,1994-06-01,male
46,1989-08-11,male
49,1996-08-31,male
52,1995-08-14,male
53,1995-08-04,male
54,1999-02-11,male
55,1988-10-06,male
56,1995-05-18,male
58,1993-09-26,male
60,1990-12-28,male
61,1993-07-23,male
62,1996-08-14,male
65,1993-03-14,male
66,1993-09-08,male
67,1987-10-16,male
68,1992-04-07,male
70,1987-01-19,male
71,1994-09-15,male
72,1991-12-31,male
75,1992-03-27,male
76,1993-02-22,male
78,1986-03-27,male
80,1991-06-21,male
81,1985-12-09,male
82,1987-04-29,male
88,1994-04-25,male
89,1990-09-27,male
90,1993-12-13,male
91,1990-03-13,male
93,1985-06-14,male
94,1992-07-06,male
95,1999-10-05,male
97,1986-05-06,male
98,1988-02-18,male
100,1989-02-07,male
101,1987-10-14,male
104,1991-12-30,male
106,1991-06-10,male
107,1991-08-05,male
110,1995-08-31,male
112,1997-01-10,male
114,1992-08-20,male
115,1996-02-26,male
116,1993-05-01,male
117,1994-02-28,male
123,1998-07-04,male
126,1996-08-07,male
127,1988-10-22,male
129,1995-02-02,male
133,1996-03-11,male
135,1994-11-19,male
136,1992-12-08,male
137,1990-08-11,male
139,1997-12-22,male
140,1989-07-19,male
144,1986-04-13,male
145,1989-11-26,male
147,1988-10-03,male
148,1990-04-16,male
149,1999-09-05,male
150,1995-02-26,male
151,1991-06-03,male
152,1997-05-12,male
154,1993-04-15,male
156,1991-07-17,male
157,1990-05-13,male
159,1993-07-12,male
160,1986-04-18,male
161,1993-10-13,male
162,2000-05-29,male
164,1991-01-10,male
167,1991-05-26,male
168,1988-11-23,male
169,1990-04-09,male
170,1989-03-06,male
172,1991-02-28,male
173,1985-04-02,male
175,1988-03-22,male
178,1992-12-27,male
179,1993-08-31,male
180,1990-05-12,male
181,1994-01-29,male
182,1987-03-07,male
183,1998-08-17,male
184,1991-06-12,male
185,1992-09-15,male
186,1996-01-30,male
188,1992-05-13,male
189,1994-08-10,male
190,1989-04-20,male
192,1989-12-24,male
193,1992-06-13,male
199,1991-05-28,male
201,1994-01-05,male
202,1998-01-05,male
203,1987-10-24,male
204,1993-01-23,male
205,1996-04-10,male
206,1996-09-17,male
208,1992-03-20,male
210,1989-12-25,male
214,1998-04-27,male
215,1996-08-04,male
216,1990-12-12,male
218,1991-01-10,male
224,1995-02-17,male
225,1999-01-18,male
227,1992-05-08,male
228,1990-07-13,male
233,1997-12-01,male
235,1995-03-25,male
237,1991-04-09,male
238,1989-02-13,male
240,1996-09-09,male
241,1993-09-11,male
242,1981-01-05,male
244,1990-07-13,male
245,1990-08-26,male
246,1999-12-29,male
247,1988-10-22,male
249,1988-06-13,male
250,1997-02-24,male
251,1992-03-05,male
252,1995-11-18,male
253,1988-09-07,male
254,1988-04-21,male
255,1991-09-21,male
256,1992-07-08,male
257,1989-06-17,male
258,1996-08-01,male
259,1989-10-10,male
261,1993-10-06,male
262,1992-03-26,male
263,1993-05-31,male
264,1990-01-11,male
267,1993-12-25,male
268,1981-03-02,male
269,1986-09-02,male
271,1991-04-16,male
273,1992-07-25,male
277,1994-10-04,male
279,1994-11-09,male
280,1987-11-25,male
283,1995-05-11,male
284,1995-04-09,male
285,1990-04-16,male
286,1988-06-13,male
287,1992-05-17,male
288,1989-08-06,male
290,1993-05-03,male
291,1988-04-03,male
293,1990-03-02,male
294,1993-03-22,male
296,1991-03-09,male
299,1996-06-05,male
301,1993-05-09,male
302,1988-05-02,male
303,1986-12-12,male
304,1989-10-14,male
305,1996-05-30,male
310,1992-08-22,male
311,1990-10-22,male
312,1993-05-18,male
313,1998-12-24,male
314,1990-12-22,male
315,2000-10-06,male
317,1995-08-21,male
321,1997-01-09,male
323,1991-04-28,male
324,1992-10-11,male
328,1992-11-17,male
332,1995-03-08,male
333,1996-03-30,male
336,2001-05-23,male
337,1994-08-14,male
338,1997-02-24,male
339,1987-04-10,male
342,1995-05-01,male
344,1987-03-28,male
345,1994-10-15,male
347,1985-04-27,male
348,1999-01-22,male
349,1993-12-31,male
350,1994-09-30,male
351,1986-11-01,male
352,1986-05-15,male
353,1990-03-15,male
355,1991-07-27,male
356,1992-09-05,male
357,1992-11-12,male
358,1990-05-08,male
359,1986-05-02,male
361,1989-05-27,male
362,1994-01-29,male
363,1992-11-11,male
364,1984-12-19,male
366,1994-12-11,male
369,1989-04-21,male
370,1988-11-03,male
371,1993-10-21,male
373,1999-02-07,male
375,1991-05-19,male
376,1998-06-22,male
377,1998-06-02,male
378,1992-09-24,male
379,1989-05-13,male
384,1987-03-04,male
385,1995-04-15,male
386,1986-09-25,male
389,1986-06-14,male
392,1990-09-28,male
394,1994-05-04,male
395,2002-11-07,male
397,1991-09-27,male
398,1992-07-28,male
399,1991-12-29,male
400,1994-10-09,male
407,1993-03-29,male
408,1995-04-09,male
409,1990-12-09,male
410,1994-06-16,male
412,1992-07-04,male
413,1996-12-28,male
414,1989-09-27,male
415,1988-05-08,male
416,1991-11-13,male
417,2002-08-28,male
418,1989-10-24,male
419,1985-11-03,male
420,1992-11-09,male
423,1993-03-04,male
424,1998-06-05,male
428,1991-05-10,male
430,1998-04-03,male
431,1995-12-06,male
432,1999-08-08,male
433,1988-04-08,male
434,1994-10-11,male
435,1990-10-04,male
436,1996-07-26,male
437,1992-05-23,male
438,1989-12-16,male
439,1995-09-25,male
441,1994-01-20,male
442,1998-09-26,male
443,1989-12-19,male
446,1992-06-27,male
447,2000-11-18,male
448,1995-05-05,male
451,1990-12-31,male
454,1993-10-15,male
455,1983-10-20,male
458,1987-12-12,male
459,1992-02-01,male
463,1996-06-16,male
466,1993-01-05,male
469,1994-08-28,male
470,1989-08-22,male
472,1996-05-22,male
474,1994-10-20,male
475,1990-05-27,male
476,1995-04-02,male
480,1994-04-19,male
482,1995-03-11,male
483,1993-03-21,male
484,1991-12-07,male
485,1994-06-01,male
487,1991-02-22,male
489,1992-04-20,male
490,1994-06-16,male
495,1992-12-07,male
497,1985-11-22,male
498,1991-12-23,male
503,1993-01-30,male
504,1984-12-24,male
505,1987-08-06,male
506,1992-07-04,male
508,1990-01-07,male
510,1997-02-26,male
511,1993-09-15,male
512,1988-02-23,male
513,1987-05-10,male
516,2002-08-09,male
517,1991-12-02,male
519,1993-05-02,male
521,1996-09-25,male
522,1988-06-21,male
523,1995-10-26,male
524,1990-05-24,male
526,1992-04-13,male
528,1990-08-21,male
529,1991-05-30,male
530,1991-11-30,male
532,1990-11-24,male
534,1996-05-29,male
536,1987-12-03,male
537,1993-02-01,male
538,1992-01-08,male
539,1994-03-24,male
543,1991-10-17,male
545,1997-02-09,male
547,1994-01-13,male
548,1992-08-25,male
549,1990-09-09,male
550,1990-03-29,male
551,1987-07-08,male
552,1993-04-29,male
553,1990-10-23,male
554,1988-07-27,male
555,1995-03-17,male
557,1988-12-24,male
558,1989-01-14,male
559,1988-07-04,male
560,1994-01-28,male
561,1992-07-27,male
563,1992-03-21,male
564,1989-01-08,male
565,2000-04-29,male
566,1997-05-23,male
568,1996-05-27,male
569,1998-02-20,male
570,1987-08-30,male
573,1988-07-18,male
577,1992-05-01,male
580,1995-08-14,male
581,1989-03-03,male
582,1994-09-06,male
583,1991-10-23,male
584,1985-09-10,male
588,1988-04-03,male
589,1993-01-16,male
591,1992-11-10,male
594,1995-11-06,male
597,1994-12-17,male
598,1993-10-04,male
606,1993-09-11,male
607,2000-10-23,male
608,1991-05-17,male
611,1993-09-24,male
612,1990-05-21,male
613,1995-09-09,male
615,1992-06-06,male
618,1992-08-10,male
622,1992-02-06,male
627,1995-04-22,male
628,1990-02-13,male
629,1994-09-29,male
632,1994-02-18,male
633,1994-04-20,male
634,1991-01-06,male
637,1988-02-24,male
638,1989-05-09,male
639,1999-11-12,male
640,1993-08-30,male
642,1998-03-27,male
643,1997-01-27,male
645,1991-03-12,male
646,1998-09-14,male
647,1996-12-27,male
648,1990-12-10,male
653,1996-06-19,male
655,1986-07-12,male
656,1997-12-10,male
657,1996-11-07,male
658,1994-02-04,male
660,1986-06-20,male
664,1987-06-05,male
666,1996-01-21,male
667,1993-03-12,male
668,1990-04-13,male
671,1985-05-04,male
673,1986-08-19,male
676,1994-12-27,male
677,1999-09-20,male
680,1993-11-22,male
681,1988-10-30,male
682,1996-11-01,male
684,1994-09-29,male
689,1996-04-05,male
690,1995-12-09,male
692,2000-03-22,male
697,1991-10-07,male
698,1992-09-13,male
699,1990-11-13,male
701,1993-03-06,male
704,1992-03-08,male
707,1995-07-31,male
712,1991-11-25,male
715,1985-08-08,male
716,1985-10-28,male
718,1992-10-10,male
719,1992-10-12,male
720,1993-05-20,male
721,1996-09-24,male
722,1997-05-11,male
725,1994-03-06,male
728,1990-02-28,male
729,1995-12-24,male
730,1992-06-14,male
731,1986-02-21,male
736,1994-08-30,male
741,2002-03-17,male
742,1998-05-02,male
744,1993-06-13,male
745,1989-03-06,male
746,1988-09-01,male
747,1989-10-26,male
749,1994-11-22,male
750,1992-11-22,male
751,1995-03-16,male
752,1995-05-30,male
754,1996-08-19,male
755,1991-07-02,male
756,1996-07-19,male
759,1987-11-09,male
760,1991-11-05,male
761,1993-02-23,male
763,1996-09-16,male
764,1995-04-23,male
766,1992-03-14,male
768,1987-08-09,male
769,1993-10-01,male
771,1993-12-29,male
773,1986-04-16,male
774,1992-05-20,male
776,1993-02-05,male
777,1995-04-07,male
778,1993-01-15,male
781,1999-06-12,male
782,1987-11-16,male
786,1991-01-26,male
787,1994-02-21,male
788,1993-03-02,male
789,1988-11-24,male
792,1994-12-28,male
795,1995-01-07,male
797,1990-03-05,male
798,1992-04-17,male
801,1989-08-11,male
802,1993-09-04,male
804,1992-01-21,male
805,1988-10-08,male
807,1998-03-27,male
808,1983-06-19,male
809,1994-11-22,male
812,1987-11-22,male
813,1991-10-14,male
815,1992-12-14,male
816,1993-11-04,male
817,1989-09-17,male
819,1988-08-10,male
821,1990-08-13,male
823,1995-05-03,male
824,1989-03-06,male
825,1996-08-23,male
829,1990-07-25,male
830,1990-09-01,male
831,1995-10-26,male
832,1998-06-15,male
833,1996-04-14,male
834,1991-10-17,male
835,2000-01-28,male
836,1987-11-26,male
837,1986-07-29,male
838,1997-06-06,male
839,1996-02-21,male
840,1989-06-19,male
841,1992-11-26,male
843,1990-01-27,male
845,2003-01-13,male
846,1987-10-08,male
848,1994-01-15,male
851,1991-10-02,male
853,2000-02-14,male
854,1986-06-02,male
856,1989-11-29,male
857,1998-03-19,male
858,1988-10-07,male
861,1992-06-29,male
862,1993-02-05,male
866,1987-06-25,male
867,1987-10-15,male
868,1992-12-21,male
870,1984-10-28,male
872,1994-05-08,male
875,1992-04-23,male
877,1990-12-24,male
878,1996-08-11,male
881,1984-06-19,male
883,1992-07-24,male
884,1995-12-22,male
885,2000-04-02,male
888,1989-12-20,male
890,1990-12-22,male
891,1986-07-10,male
892,1988-07-26,male
893,1985-11-30,male
897,1992-01-22,male
899,1990-03-14,male
902,1991-04-25,male
904,1994-09-07,male
906,2002-01-31,male
907,1989-02-07,male
908,1991-12-18,male
910,1997-02-20,male
911,1989-02-21,male
912,1992-05-11,male
914,1996-11-17,male
915,1987-06-01,male
919,1989-04-02,male
921,1990-08-23,male
922,1995-05-02,male
923,1990-01-23,male
924,1996-12-13,male
925,1985-07-06,male
926,1987-07-09,male
927,1984-09-27,male
928,1989-08-24,male
931,1997-01-22,male
932,1995-04-07,male
933,1987-09-30,male
934,1994-12-02,male
937,1991-08-29,male
938,1995-07-19,male
940,1987-03-28,male
943,1998-12-13,male
945,1998-09-06,male
946,2005-02-15,male
947,1989-05-26,male
948,1990-08-22,male
950,1989-03-15,male
954,1985-07-07,male
955,2000-11-28,male
956,1994-08-11,male
957,1984-05-18,male
958,1987-08-20,male
959,1997-11-27,male
961,1992-11-05,male
962,1996-05-05,male
967,1989-07-22,male
972,1993-03-02,male
973,1989-01-11,male
976,1988-03-21,male
977,1991-09-09,male
979,1998-12-07,male
980,1993-06-30,male
981,1989-10-29,male
982,1993-06-20,male
984,1993-05-15,male
986,1992-02-11,male
988,1995-10-26,male
989,1990-08-05,male
993,1995-07-26,male
996,1993-07-10,male
1000,1993-12-12,male
1002,1994-05-19,male
1003,1989-09-23,male
1008,1987-07-07,male
1009,1997-02-19,male
1010,1998-07-21,male
1013,1982-12-31,male
1014,1990-10-30,male
1015,1986-05-05,male
1018,1994-09-17,male
1022,1994-12-22,male
1023,1986-05-05,male
1024,1996-04-21,male
1028,1990-02-12,male
1033,1988-04-10,male
1035,1997-09-12,male
1038,1991-11-23,male
1039,1996-02-13,male
1041,1994-12-02,male
1043,1994-01-07,male
1047,1993-08-31,male
1048,1995-09-11,male
1051,2002-08-10,male
1053,1999-05-10,male
1054,1988-12-24,male
1057,1987-10-15,male
1058,1994-04-25,male
1059,1992-08-07,male
1061,1993-02-15,male
1065,1996-07-20,male
1067,1994-06-12,male
1069,1994-11-23,male
1071,1989-02-07,male
1073,1992-05-16,male
1075,1994-03-04,male
1083,2001-03-31,male
1087,1988-04-10,male
1088,1994-07-19,male
1090,1991-03-10,male
1093,1995-07-09,male
1094,1996-01-20,male
1095,1992-09-12,male
1096,1985-12-23,male
1098,1993-02-05,male
1099,1990-03-12,male
1101,1990-10-13,male
1108,1997-01-27,male
1109,1988-08-21,male
1111,1991-07-27,male
1112,1999-08-09,male
1114,2002-06-12,male
1117,1989-01-21,male
1118,1999-08-31,male
1119,1989-11-06,male
1127,1993-07-21,male
1130,1997-07-13,male
1132,1994-07-01,male
1133,2001-10-15,male
1134,1986-07-05,male
1135,1989-07-21,male
1136,1990-07-21,male
1137,1995-11-19,male
1138,2000-09-09,male
1141,1991-02-22,male
1142,1990-09-07,male
1144,1993-03-27,male
1146,1993-01-07,male
1147,1992-06-04,male
1149,1985-11-23,male
1151,1988-05-02,male
1152,1994-12-25,male
1153,1995-02-24,male
1154,1987-12-08,male
1157,1987-03-26,male
1161,1989-10-29,male
1162,1994-12-15,male
1163,1997-09-18,male
1164,1993-09-04,male
1167,1990-06-08,male
1169,1991-12-13,male
1171,1994-06-29,male
1172,1987-12-12,male
1177,1996-01-16,male
1186,1986-07-12,male
1187,1985-08-05,male
1188,1992-08-10,male
1191,2000-08-22,male
1192,1993-12-19,male
1193,1994-06-26,male
1194,1991-11-28,male
1195,1991-06-05,male
1198,1982-11-11,male
1203,1993-08-01,male
1205,1990-10-28,male
1206,1995-12-28,male
1209,1996-06-04,male
1212,1991-05-03,male
1214,1987-07-31,male
1215,1989-02-07,male
1225,1993-09-03,male
1227,1991-03-19,male
1229,1993-01-13,male
1230,1989-11-16,male
1239,1981-01-31,male
1241,1999-06-26,male
1242,1986-05-28,male
1244,2001-11-06,male
1256,1987-07-12,male
1257,1990-09-02,male
1259,1997-03-20,male
1264,1996-02-08,male
1269,1993-04-20,male
1272,1996-06-27,male
1273,1991-02-24,male
1277,1987-09-11,male
1280,1986-08-06,male
1288,1997-02-24,male
1289,1995-10-11,male
1295,1994-06-28,male
1297,1992-12-03,male
1302,1997-12-11,male
1303,1996-08-16,male
1305,2000-07-01,male
1307,1993-04-07,male
1310,1989-01-04,male
1312,1995-05-17,male
1313,1993-04-18,male
1319,1985-10-22,male
1321,1991-12-27,male
1322,1990-10-02,male
1323,1992-06-27,male
1326,1993-06-09,male
1335,1994-09-15,male
1338,1995-03-25,male
1339,1997-08-31,male
1341,1987-02-12,male
1342,1990-09-25,male
1347,1993-11-10,male
1349,1992-11-20,male
1350,1986-08-06,male
1352,1987-03-10,male
1353,1988-11-08,male
1354,2003-04-09,male
1356,1992-06-16,male
1359,1994-04-01,male
1361,1989-10-12,male
1365,1985-09-17,male
1367,1987-06-19,male
1369,1989-11-04,male
1370,2000-10-08,male
1371,1989-10-09,male
1372,1996-03-21,male
1373,1994-10-27,male
1376,1998-07-18,male
1380,1992-06-28,male
1381,1989-06-29,male
1382,1988-11-06,male
1384,1984-11-27,male
1386,1998-03-04,male
1387,1991-09-11,male
1388,1994-10-30,male
1391,1994-12-02,male
1393,1993-05-05,male
1397,1993-07-09,male
1398,1990-05-17,male
1399,1990-10-26,male
1400,1995-05-03,male
1402,1996-03-26,male
1403,1994-06-01,male
1405,1996-07-28,male
1406,1993-04-04,male
1408,1993-10-19,male
1410,1993-07-05,male
1411,1991-12-18,male
1412,1993-05-10,male
1413,1998-08-11,male
1415,1993-05-16,male
1417,1991-03-31,male
1418,1997-03-26,male
1419,1992-07-25,male
1420,1987-07-27,male
1423,1996-08-08,male
1426,1992-10-11,male
1427,1990-09-04,male
1428,1990-02-16,male
1431,1991-09-03,male
1435,1990-02-27,male
1436,1986-08-18,male
1437,1994-11-13,male
1440,1989-03-16,male
1443,1978-07-18,male
1444,1994-06-24,male
1445,1986-07-16,male
1447,1989-01-08,male
1448,1990-01-06,male
1453,1997-02-20,male
1454,1984-10-28,male
1456,1995-06-02,male
1459,1992-10-25,male
1465,1994-01-08,male
1466,1994-04-07,male
1468,1994-12-19,male
1469,1995-06-15,male
1470,1992-09-01,male
1472,1995-03-10,male
1474,1991-01-14,male
1475,1990-02-07,male
1477,2000-02-22,male
1479,1998-10-02,male
1480,1998-07-21,male
1481,1991-11-16,male
1482,1992-03-10,male
1483,1989-03-12,male
1485,1995-11-29,male
1489,1995-05-07,male
1491,1993-07-04,male
1494,1992-04-16,male
1496,1994-09-05,male
1497,1989-09-05,male
1499,1996-04-29,male
1501,1988-12-22,male
1502,1994-03-18,male
1503,1989-07-04,male
1506,1992-05-26,male
1509,1988-12-17,male
1510,1994-03-10,male
1511,1983-09-03,male
1512,1986-11-19,male
1513,1993-08-19,male
1514,1993-06-09,male
1517,1987-08-30,male
1518,1988-02-29,male
1519,1994-04-12,male
1521,1992-05-23,male
1522,1987-01-17,male
1526,1994-10-02,male
1528,1989-03-26,male
1530,1993-07-15,male
1532,1994-03-05,male
1533,1993-12-27,male
1536,1993-03-22,male
1537,1989-07-06,male
1540,1987-12-10,male
1543,1988-12-27,male
1544,1995-05-20,male
1545,1993-01-02,male
1546,1990-10-14,male
1547,1997-08-17,male
1548,1989-06-16,male
1549,1989-10-16,male
1550,1988-12-12,male
1554,1996-04-17,male
1555,2002-05-23,male
1556,1996-02-19,male
1557,1992-02-18,male
1558,1990-01-02,male
1559,1986-05-19,male
1561,1988-10-14,male
1562,1985-01-24,male
1563,1992-09-23,male
1567,1989-01-08,male
1568,1988-06-09,male
1569,1996-02-23,male
1570,2002-02-05,male
1571,1986-03-25,male
1572,1990-07-20,male
1573,2000-05-09,male
1575,1996-01-10,male
1576,1994-11-22,male
1577,1994-05-14,male
1580,1996-06-05,male
1581,1994-07-27,male
1583,1990-02-28,male
1584,1992-03-09,male
1585,1990-10-07,male
1588,1997-03-02,male
1589,1990-08-29,male
1590,1990-12-11,male
1591,1987-11-12,male
1593,1988-07-16,male
1595,1986-12-13,male
1597,1993-07-31,male
1598,1992-02-20,male
1600,1993-01-29,male
1604,1986-12-21,male
1605,1998-05-23,male
1606,1994-05-23,male
1607,1988-04-18,male
1612,1991-04-03,male
1617,1994-02-17,male
1618,1990-01-02,male
1619,1990-04-22,male
1626,1985-01-19,male
1627,1992-06-20,male
1628,1990-01-10,male
1631,1990-08-27,male
1632,1990-08-08,male
1633,1991-11-07,male
1634,2000-12-18,male
1636,1992-05-16,male
1637,1997-03-09,male
1640,1991-01-10,male
1642,1993-05-31,male
1643,1993-04-11,male
1645,1995-05-21,male
1646,1997-06-14,male
1647,1994-02-08,male
1648,1985-11-14,male
1651,1994-11-08,male
1654,1994-01-29,male
1656,1997-02-09,male
1658,1984-08-31,male
1659,1987-03-12,male
1661,1983-11-29,male
1662,1984-01-28,male
1664,1987-12-16,male
1665,1994-01-30,male
1666,1992-05-16,male
1671,1990-08-16,male
1672,1989-06-01,male
1673,1992-08-13,male
1674,1990-12-25,male
1675,1987-12-29,male
1679,1989-01-09,male
1680,1990-10-03,male
1681,1989-09-10,male
1682,1988-05-06,male
1685,1990-11-07,male
1686,1991-05-06,male
1687,1995-03-14,male
1688,1992-11-22,male
1689,1993-07-01,male
1690,1998-05-12,male
1691,1990-02-22,male
1693,1996-06-26,male
1695,1990-04-20,male
1696,2003-02-26,male
1697,1987-01-28,male
1698,1994-01-25,male
1701,1994-05-08,male
1703,1997-04-22,male
1704,1993-01-04,male
1705,1995-09-18,male
1707,1989-03-09,male
1712,1993-07-09,male
1714,1998-09-08,male
1715,1991-11-27,male
1716,1994-12-14,male
1717,1988-04-28,male
1721,1991-11-09,male
1722,2000-01-05,male
1723,1995-07-15,male
1724,1992-09-30,male
1727,1995-11-09,male
1729,1992-07-30,male
1730,2002-10-31,male
1733,1996-11-16,male
1734,1996-10-05,male
1735,1995-12-17,male
1736,1995-10-19,male
1737,1993-03-14,male
1738,1992-09-08,male
1740,1987-04-28,male
1742,1993-11-28,male
1743,1993-03-01,male
1744,1988-03-25,male
1746,1999-04-27,male
1748,1990-07-28,male
1751,1986-07-29,male
1752,1983-10-12,male
1753,1991-04-20,male
1754,1993-03-09,male
1757,1993-06-15,male
1758,1990-04-26,male
1762,1993-04-04,male
1763,1990-07-21,male
1765,1987-11-29,male
1766,1999-04-01,male
1767,1997-01-25,male
1768,1994-05-21,male
1770,1992-01-18,male
1773,1992-09-29,male
1775,1993-11-22,male
1776,1992-07-05,male
1778,1996-01-09,male
1780,1996-03-13,male
1782,1995-06-05,male
1783,1988-05-25,male
1784,1990-08-23,male
1785,1987-02-17,male
1786,1983-07-30,male
1788,1989-08-23,male
1789,1991-07-30,male
1790,1999-02-21,male
1791,1987-08-08,male
1792,1988-08-29,male
1794,2001-08-21,male
1796,1986-09-14,male
1797,1995-06-16,male
1798,1997-11-06,male
1799,1984-08-30,male
1800,1991-03-31,male
1802,1997-01-11,male
1804,1997-04-26,male
1808,1992-09-20,male
1809,1991-03-04,male
1812,1991-06-23,male
1813,1988-05-30,male
1814,1991-03-03,male
1815,1992-07-31,male
1816,1995-06-01,male
1817,1997-08-04,male
1818,1999-11-17,male
1819,1988-05-08,male
1820,1996-03-29,male
1827,1990-08-17,male
1833,1992-10-22,male
1834,1995-12-30,male
1835,1990-03-18,male
1837,1997-12-27,male
1838,1995-02-16,male
1842,1995-07-25,male
1846,1995-02-14,male
1847,1996-02-26,male
1850,1994-02-16,male
1851,1998-11-01,male
1852,1997-12-20,male
1853,1992-11-24,male
1854,1991-03-18,male
1855,1995-10-24,male
1857,1989-06-05,male
1860,1993-12-28,male
1862,1989-04-10,male
1863,1996-04-28,male
1866,1992-02-14,male
1867,1997-01-08,male
1868,1991-08-08,male
1869,1984-07-26,male
1871,1985-08-31,male
1872,1982-12-29,male
1875,1989-10-20,male
1876,1987-03-03,male
1878,1991-09-16,male
1879,1993-05-22,male
1880,1986-02-24,male
1881,1988-07-26,male
1882,1988-12-04,male
1886,1987-01-17,male
1887,1987-08-29,male
1888,1995-05-19,male
1889,1987-01-16,male
1890,1988-10-10,male
1892,1994-12-16,male
1893,2001-01-04,male
1895,1990-06-15,male
1896,1986-10-16,male
1898,1993-04-30,male
1899,1988-07-24,male
1901,1991-12-05,male
1905,1991-08-04,male
1906,1989-12-22,male
1908,1988-07-03,male
1911,1993-04-06,male
1912,1987-09-09,male
1915,1984-02-01,male
1916,2000-10-30,male
1917,1995-08-01,male
1920,1994-04-10,male
1921,1994-10-05,male
1922,1992-04-12,male
1923,1996-06-22,male
1924,1996-03-14,male
1925,1991-03-25,male
1927,1992-05-25,male
1930,1996-02-19,male
1932,1991-09-07,male
1933,1996-04-27,male
1934,1998-10-14,male
1936,1992-06-16,male
1938,1993-04-03,male
1939,1997-09-03,male
1940,1994-07-23,male
1941,1990-11-19,male
1942,1995-10-23,male
1943,1991-02-05,male
1944,1985-12-01,male
1947,1986-12-24,male
1952,1996-10-25,male
1953,1991-09-26,male
1955,1992-04-19,male
1956,1993-07-19,male
1957,1997-03-22,male
1960,1991-10-10,male
1961,1991-02-23,male
1962,1990-12-21,male
1963,1994-09-26,male
1964,1989-06-23,male
1965,1994-05-18,male
1966,1991-11-22,male
1967,1992-02-18,male
1968,1985-02-14,male
1970,1992-06-22,male
1971,1998-12-25,male
1973,1986-08-29,male
1974,1992-06-27,male
1975,1996-06-22,male
1976,1989-04-24,male
1979,1987-04-24,male
1981,1989-02-21,male
1982,1993-11-30,male
1987,1993-07-14,male
1988,1985-01-13,male
1990,1984-08-20,male
1991,1990-08-25,male
1994,1995-10-25,male
1995,1987-12-04,male
2000,1993-08-16,male
2001,1985-02-21,male
2002,1994-08-16,male
2004,1991-03-26,male
2005,1987-03-01,male
2006,1992-05-19,male
2007,1992-12-29,male
2008,1989-04-27,male
2009,1997-05-16,male
2010,1991-02-22,male
2013,1998-11-03,male
2016,1992-07-16,male
2018,1997-02-22,male
2019,1999-12-16,male
2024,2001-05-23,male
2025,1988-06-27,male
2027,1993-12-28,male
2029,1991-09-10,male
2031,1992-03-10,male
2032,1986-08-09,male
2036,1989-03-21,male
2040,1994-06-30,male
2041,1996-04-05,male
2042,1995-02-16,male
2044,1994-01-08,male
2048,1989-06-15,male
2049,1991-01-24,male
2051,1985-01-01,male
2052,1994-02-08,male
2054,1987-05-27,male
2055,1992-01-03,male
2057,1988-10-02,male
2058,2002-09-19,male
2061,1992-05-09,male
2062,1993-11-24,male
2064,1991-02-24,male
2066,1993-01-02,male
2067,1990-10-29,male
2068,1987-02-28,male
2072,1988-05-18,male
2073,1998-12-13,male
2074,1995-08-19,male
2075,1990-09-28,male
2076,1996-03-26,male
2077,1997-10-28,male
2078,1995-10-26,male
2082,1994-09-25,male
2085,1987-10-26,male
2086,1994-12-03,male
2090,1995-03-29,male
2093,1997-01-07,male
2095,1990-09-12,male
2096,1995-02-02,male
2098,1994-03-15,male
2102,1990-08-27,male
2103,1999-04-21,male
2107,1990-01-27,male
2109,1997-10-20,male
2110,1989-02-18,male
2114,1992-08-14,male
2115,1988-01-02,male
2116,1997-01-20,male
2117,1991-03-22,male
2119,1994-02-02,male
2120,1987-09-20,male
2122,1993-08-27,male
2123,1994-10-02,male
2124,1995-04-30,male
2130,1996-09-02,male
2131,1990-05-14,male
2135,1994-07-23,male
2136,1988-07-20,male
2137,1993-03-22,male
2138,1990-09-29,male
2139,1993-10-01,male
2140,1994-09-08,male
2148,1994-08-16,male
2149,1992-09-04,male
2150,1990-05-07,male
2153,1993-05-15,male
2154,1985-01-08,male
2155,1993-01-25,male
2156,1992-08-06,male
2157,1991-10-08,male
2158,1993-06-28,male
2159,1997-06-04,male
2160,1994-05-01,male
2162,2005-10-28,male
2163,1992-09-21,male
2164,1993-04-28,male
2166,1991-10-09,male
2168,1988-07-12,male
2169,1992-06-16,male
2170,1997-06-03,male
2171,1992-12-04,male
2172,1990-07-20,male
2174,1994-02-20,male
2175,1993-04-06,male
2177,1990-12-24,male
2179,1994-01-28,male
2180,1987-12-03,male
2182,1987-06-21,male
2183,1993-10-11,male
2184,1995-04-16,male
2186,1989-12-16,male
2187,1994-11-26,male
2188,2002-12-20,male
2189,1996-12-23,male
2194,2002-04-19,male
2195,1995-03-21,male
2197,1991-05-10,male
2198,1998-08-05,male
2199,1990-07-08,male
2202,1989-02-22,male
2203,1992-07-11,male
2204,1992-11-20,male
2209,1990-08-31,male
2213,1993-09-10,male
2214,1996-09-14,male
2215,1993-02-09,male
2219,1986-06-02,male
2223,1993-07-13,male
2225,1989-11-29,male
2226,1987-03-20,male
2227,1995-02-15,male
2228,2003-04-23,male
2232,1991-09-30,male
2234,1988-09-20,male
2238,1991-07-24,male
2240,1989-12-03,male
2241,1989-06-30,male
2242,1994-11-26,male
2243,1987-07-20,male
2244,1995-05-31,male
2247,1999-01-19,male
2248,1995-03-24,male
2249,1991-10-28,male
2250,1995-03-10,male
2252,1994-03-07,male
2256,1996-02-23,male
2257,1995-11-27,male
2258,1988-12-16,male
2261,1992-07-03,male
2262,1992-01-04,male
2263,1993-07-22,male
2264,1993-12-25,male
2265,1995-10-15,male
2266,1988-12-02,male
2268,1989-11-24,male
2271,1999-02-03,male
2272,1992-03-27,male
2273,1995-01-18,male
2274,1994-04-12,male
2276,1988-10-29,male
2277,1984-09-04,male
2278,1995-10-05,male
2279,1992-12-14,male
2281,1998-08-11,male
2282,1994-05-06,male
2284,1996-03-22,male
2285,2002-12-14,male
2286,1996-10-13,male
2287,1988-12-13,male
2288,1989-03-07,male
2289,2000-04-09,male
2292,1985-04-24,male
2295,1994-02-20,male
2296,2002-02-05,male
2298,1996-02-10,male
2299,1994-06-20,male
2301,1992-07-21,male
2305,1987-12-19,male
2308,2002-01-17,male
2310,1994-10-03,male
2311,1992-09-15,male
2313,1990-03-11,male
2314,1990-12-07,male
2315,1988-12-05,male
2316,1991-02-23,male
2317,1997-08-11,male
2322,2002-03-31,male
2324,1987-02-17,male
2325,1989-03-29,male
2327,1991-04-23,male
2328,1994-11-30,male
2330,1997-01-21,male
2332,1986-03-02,male
2333,1989-02-01,male
2334,1985-09-23,male
2335,1987-12-20,male
2337,1991-02-05,male
2339,1996-04-29,male
2341,1996-11-03,male
2345,1994-09-16,male
2346,1994-04-04,male
2348,1991-04-14,male
2349,1993-07-07,male
2350,1990-07-14,male
2351,1998-03-24,male
2352,1990-04-21,male
2353,1992-05-28,male
2355,1992-03-04,male
2356,1990-08-24,male
2357,1991-08-26,male
2358,1996-07-26,male
2359,1994-01-08,male
2361,1990-03-22,male
2363,1992-11-28,male
2364,1997-12-06,male
2365,1994-10-02,male
2366,1989-05-13,male
2367,1997-03-17,male
2368,1995-03-08,male
2369,1988-01-13,male
2370,1992-09-30,male
2371,1993-05-19,male
2372,1989-04-20,male
2373,1992-11-13,male
2374,1992-06-14,male
2375,1988-10-16,male
2379,1986-07-19,male
2383,1990-06-04,male
2386,2002-09-22,male
2388,1996-12-14,male
2389,1997-01-27,male
2390,1990-07-16,male
2393,1990-05-11,male
2394,1992-04-08,male
2395,1988-10-07,male
2397,1997-01-26,male
2400,1989-12-26,male
2402,1989-03-12,male
2404,1996-08-13,male
2405,1991-02-09,male
2406,1999-10-13,male
2410,1990-11-05,male
2416,1992-10-15,male
2417,1991-07-11,male
2419,1988-02-06,male
2421,1985-06-06,male
2423,1998-02-05,male
2427,1984-05-06,male
2430,1986-06-16,male
2432,1979-12-14,male
2437,1994-10-18,male
2445,1993-04-08,male
2447,1991-09-10,male
2448,1995-02-12,male
2449,1994-12-21,male
2450,1995-08-16,male
2456,1999-10-30,male
2457,1994-11-16,male
2462,1998-03-10,male
2463,1995-02-27,male
2464,1995-05-07,male
2465,1995-10-10,male
2473,1990-01-17,male
2474,1998-02-03,male
2475,1991-05-03,male
2476,2003-07-13,male
2480,1992-07-05,male
2481,1988-10-10,male
2484,1990-05-09,male
2485,1994-10-24,male
2488,1990-04-10,male
2489,2002-04-02,male
2490,1997-07-20,male
2497,1997-11-03,male
2498,1988-12-11,male
2499,1985-09-03,male
2500,1997-01-03,male
2501,1996-07-29,male
2502,1992-02-22,male
2506,1987-10-31,male
2512,1989-07-06,male
2513,1999-08-26,male
2514,1994-03-25,male
2515,1993-03-16,male
2517,1988-10-28,male
2519,1988-05-17,male
2520,1994-08-05,male
2521,1984-12-06,male
2524,1995-04-26,male
2527,1999-11-23,male
2529,1998-05-30,male
2530,1999-10-07,male
2532,1987-06-28,male
2534,1996-05-21,male
2536,1987-05-29,male
2537,1991-11-21,male
2538,1998-08-21,male
2540,1992-09-12,male
2542,2000-10-04,male
2544,1986-03-24,male
2545,1993-05-11,male
2547,1988-09-11,male
2548,1990-11-04,male
2550,1997-04-30,male
2552,1984-09-04,male
2554,1990-07-04,male
2555,1996-02-03,male
2558,1988-07-07,male
2561,1993-10-26,male
2568,1997-02-13,male
2569,1991-11-14,male
2570,1998-11-22,male
2571,1994-12-14,male
2572,1992-07-18,male
2575,1986-11-09,male
2576,1994-02-19,male
2579,1991-08-28,male
2580,1993-07-09,male
2581,1995-09-13,male
2582,1996-05-29,male
2584,1990-07-10,male
2586,1996-04-29,male
2589,1992-04-06,male
2592,1993-12-13,male
2593,1994-10-29,male
2594,1996-06-29,male
2595,1993-05-04,male
2596,1993-06-17,male
2598,1995-09-13,male
2599,1994-02-16,male
2603,1988-08-09,male
2606,2000-06-26,male
2607,1988-08-04,male
2608,1991-01-21,male
2614,1989-10-12,male
2616,1989-07-01,male
2623,1991-07-22,male
2626,1994-04-27,male
2627,1997-05-10,male
2629,1995-03-11,male
2633,1994-02-24,male
2634,1993-08-16,male
2636,1991-02-04,male
2639,1989-08-15,male
2640,1994-12-12,male
2644,1991-12-28,male
2646,1997-06-22,male
2648,1991-03-26,male
2654,1987-05-23,male
2658,1997-08-10,male
2661,1992-12-20,male
2662,1996-12-02,male
2665,1993-03-11,male
2668,1989-01-15,male
2674,1992-05-06,male
2676,1992-08-11,male
2678,1993-09-06,male
2680,1994-02-21,male
2681,1989-06-16,male
2683,1985-06-16,male
2685,1990-01-08,male
2688,1996-01-18,male
2690,1992-08-13,male
2693,1989-08-23,male
2694,1990-01-01,male
2695,2004-08-05,male
2696,1990-05-28,male
2698,1995-04-18,male
2705,1983-04-30,male
2707,1993-08-06,male
2712,1993-06-15,male
2713,1988-12-30,male
2718,1994-02-16,male
2719,1995-05-15,male
2721,1990-11-26,male
2724,1989-03-04,male
2730,1993-12-11,male
2733,1996-06-20,male
2736,1997-08-16,male
2738,1991-09-27,male
2743,1999-11-13,male
2746,1992-06-26,male
2747,2001-10-15,male
2748,1995-08-14,male
2754,2000-01-28,male
2755,1990-01-30,male
2759,1995-10-22,male
2761,1996-04-19,male
2764,1994-11-17,male
2765,1988-06-02,male
2769,1992-11-08,male
2771,1991-11-23,male
2772,1990-09-07,male
2773,1991-09-12,male
2774,1989-01-30,male
2775,1992-10-31,male
2778,1992-07-14,male
2781,1993-03-21,male
2783,1993-09-28,male
2785,1996-07-31,male
2787,1993-12-20,male
2789,1989-07-03,male
2790,1987-12-16,male
2792,1991-06-24,male
2795,1998-11-22,male
2806,1990-10-25,male
2808,1995-06-12,male
2810,1995-02-06,male
2814,1998-12-30,male
2817,1999-06-05,male
2820,1995-03-11,male
2824,1992-05-06,male
2825,1992-03-27,male
2828,1992-10-28,male
2830,1991-10-04,male
2832,1990-03-31,male
2833,1986-04-18,male
2834,1994-07-30,male
2836,1987-12-10,male
2837,1993-02-02,male
2839,1992-09-08,male
2840,1990-01-18,male
2842,1984-06-14,male
2844,1995-06-03,male
2845,1991-02-05,male
2846,1988-06-24,male
2847,1990-11-23,male
2848,1989-12-15,male
2851,1993-01-02,male
2852,1990-01-17,male
2853,1994-08-03,male
2855,1988-09-23,male
2858,1987-10-05,male
2859,1998-02-17,male
2861,1992-04-16,male
2862,1991-11-12,male
2865,1988-11-25,male
2868,1997-04-21,male
2874,1999-03-04,male
2875,1997-05-04,male
2876,1990-06-23,male
2877,1990-06-12,male
2879,1993-09-03,male
2880,1996-01-14,male
2882,1999-11-03,male
2883,1989-03-09,male
2886,1997-07-14,male
2889,1995-01-30,male
2890,1987-05-31,male
2892,1989-12-25,male
2895,1997-10-25,male
2900,1996-08-02,male
2901,1994-03-24,male
2903,1998-02-18,male
2905,1994-04-12,male
2910,1988-11-23,male
2911,1991-01-25,male
2912,1992-06-11,male
2913,1989-10-21,male
2916,1995-03-04,male
2917,1989-04-24,male
2918,1994-09-06,male
2924,1990-08-14,male
2926,1991-11-07,male
2927,1988-04-29,male
2928,1991-09-08,male
2929,1990-05-04,male
2934,1989-02-20,male
2935,1992-08-15,male
2936,1990-09-03,male
2940,1997-09-20,male
2941,1990-07-31,male
2942,1987-04-02,male
2946,1994-11-08,male
2949,1990-04-10,male
2950,1994-07-01,male
2952,1989-09-02,male
2954,1988-08-07,male
2955,1995-02-28,male
2957,1992-04-16,male
2958,1988-04-08,male
2959,1991-10-08,male
2960,1994-12-01,male
2966,1997-06-11,male
2969,1984-12-20,male
2970,1992-08-16,male
2971,1999-12-06,male
2972,1993-01-23,male
2975,1992-09-03,male
2979,1991-05-27,male
2981,1998-02-27,male
2982,1999-08-24,male
2983,1992-03-09,male
2987,1990-05-09,male
2989,1990-05-05,male
2990,1988-10-26,male
2993,1992-05-08,male
2999,1997-04-26,male
3003,1997-07-21,male
3005,1991-11-11,male
3008,1992-12-27,male
3011,1998-05-08,male
3012,1992-05-11,male
3019,1992-05-21,male
3024,1995-12-25,male
3030,1997-08-15,male
3031,1994-03-20,male
3036,1999-09-03,male
3039,1986-12-25,male
3041,1990-07-23,male
3042,1995-07-28,male
3044,1992-05-28,male
3045,1987-11-29,male
3050,1999-10-17,male
3051,1989-05-19,male
3052,1991-03-08,male
3053,1991-02-21,male
3054,1990-04-06,male
3055,1994-01-19,male
3058,1984-10-19,male
3059,1995-01-15,male
3061,1997-05-08,male
3064,1986-07-31,male
3068,1989-01-26,male
3071,1992-08-26,male
3076,1996-05-23,male
3083,1993-06-09,male
3084,1994-07-09,male
3085,1992-02-04,male
3086,1995-11-30,male
3088,2000-02-07,male
3090,1992-04-06,male
3091,1983-07-07,male
3092,2001-11-10,male
3096,1991-10-18,male
3097,1992-07-20,male
3099,1999-07-30,male
3100,1992-07-01,male
3101,1989-12-29,male
3103,1991-03-11,male
3105,1993-05-06,male
3106,1992-05-16,male
3110,1994-04-30,male
3114,1984-11-14,male
3118,1990-09-07,male
3122,1996-06-02,male
3123,1994-12-24,male
3125,1992-01-22,male
3130,1994-05-30,male
3133,1992-08-27,male
3139,1995-12-01,male
3143,1998-07-17,male
3146,1987-03-19,male
3151,1992-05-01,male
3154,1998-05-25,male
3155,1999-07-27,male
3157,2001-03-21,male
3158,1988-06-23,male
3159,1985-01-28,male
3161,1994-12-27,male
3162,1996-02-21,male
3164,1988-12-26,male
3165,1997-04-17,male
3166,1994-06-01,male
3167,1994-09-28,male
1,1981-06-11,female
5,1998-12-22,female
6,1988-09-20,female
8,1992-10-02,female
10,1992-02-13,female
12,1994-08-26,female
15,1997-03-06,female
16,1993-02-17,female
18,1995-01-05,female
20,1992-11-18,female
27,1990-01-02,female
28,1997-11-30,female
29,1990-10-21,female
31,1995-01-14,female
32,1991-03-17,female
35,1993-10-18,female
37,1991-05-02,female
43,1987-03-24,female
47,1992-10-03,female
48,1990-04-01,female
50,1984-10-29,female
51,1989-03-16,female
57,1992-01-04,female
59,1990-10-11,female
63,1993-07-11,female
64,1991-07-04,female
69,1991-08-04,female
74,1987-06-07,female
77,1992-01-11,female
79,1992-12-14,female
84,1996-01-20,female
85,1984-08-16,female
86,1991-09-03,female
87,1989-11-30,female
92,1989-09-18,female
99,1994-05-19,female
102,1994-08-30,female
103,1994-10-14,female
105,1983-08-10,female
108,1987-08-12,female
109,1984-12-13,female
111,1989-02-05,female
113,1998-02-14,female
118,1989-05-03,female
119,1993-06-21,female
120,2000-12-27,female
121,1993-05-13,female
122,1993-02-16,female
124,1997-07-12,female
125,1981-07-10,female
128,1992-11-22,female
130,1986-11-26,female
131,1998-08-16,female
132,1985-01-05,female
134,1986-04-27,female
138,1985-03-07,female
141,1991-07-01,female
142,1998-02-25,female
143,1999-01-03,female
146,1983-12-15,female
153,1993-11-09,female
155,2000-02-04,female
158,1994-02-07,female
163,1996-01-29,female
165,1995-09-16,female
166,1989-12-08,female
171,1990-08-21,female
174,1995-12-09,female
176,1996-04-11,female
177,1994-05-20,female
191,1995-05-12,female
194,1984-01-28,female
196,1994-01-26,female
197,1990-09-15,female
198,1988-07-15,female
207,1994-05-25,female
209,1994-02-16,female
211,1989-11-09,female
212,1997-09-29,female
213,1990-01-22,female
217,1989-03-23,female
219,1999-03-12,female
220,1988-04-13,female
221,1994-08-14,female
222,1998-12-24,female
223,1993-02-28,female
226,1988-09-06,female
229,1994-08-15,female
230,1989-07-22,female
231,1991-07-09,female
234,1992-03-25,female
236,1987-05-13,female
239,1991-03-26,female
243,1994-08-13,female
248,1999-07-26,female
260,1997-01-05,female
265,1996-12-08,female
266,1995-04-06,female
270,1990-01-21,female
272,1994-03-19,female
274,1988-08-05,female
275,1991-04-12,female
276,1989-03-06,female
281,1988-12-10,female
282,2001-03-26,female
289,1985-05-31,female
292,1995-01-22,female
295,1994-02-04,female
297,1991-09-09,female
298,1985-10-25,female
300,1994-05-29,female
306,1994-08-03,female
307,1989-11-15,female
308,1990-02-07,female
309,1989-06-02,female
316,1989-08-10,female
318,1992-05-20,female
319,1996-03-26,female
320,1986-07-07,female
322,1991-10-12,female
325,1990-09-25,female
326,1997-04-04,female
327,2000-02-06,female
329,1987-01-12,female
330,1996-04-28,female
331,1995-02-18,female
334,1991-10-22,female
335,1993-09-18,female
340,1988-09-05,female
341,1992-07-15,female
343,1995-06-05,female
346,1993-11-16,female
354,1987-04-09,female
360,1995-11-05,female
365,1994-12-08,female
367,1989-02-03,female
368,1993-10-31,female
372,1995-07-05,female
374,1998-09-16,female
380,1996-12-05,female
381,1991-01-10,female
382,1992-03-03,female
383,1991-08-11,female
387,1992-04-30,female
388,1989-04-04,female
390,1995-01-02,female
391,1996-05-13,female
393,1986-06-29,female
396,1994-12-24,female
401,1993-04-21,female
402,1994-09-29,female
403,1987-01-25,female
404,1993-03-21,female
405,2001-07-09,female
406,1987-09-08,female
421,1997-07-21,female
422,1989-05-17,female
425,1985-03-01,female
426,1993-08-30,female
427,1995-12-15,female
429,1992-01-08,female
440,2000-11-15,female
444,1996-07-04,female
445,1988-08-17,female
449,1995-01-12,female
452,1996-05-31,female
453,1996-09-08,female
456,1990-02-04,female
457,1998-01-30,female
460,1997-04-09,female
461,1993-06-25,female
462,1995-09-20,female
464,1991-11-25,female
465,1989-11-19,female
468,1996-05-26,female
471,1994-08-27,female
473,1991-10-25,female
477,1994-07-31,female
478,1994-04-06,female
479,1995-11-07,female
486,1993-10-21,female
488,1993-09-08,female
491,1992-09-19,female
492,1994-11-24,female
493,1973-07-05,female
494,2000-05-04,female
496,1987-01-10,female
499,1991-02-28,female
500,1991-11-24,female
501,2000-05-31,female
502,1995-03-14,female
507,1991-11-23,female
509,1998-08-07,female
514,1992-10-26,female
515,1994-01-27,female
518,1995-10-02,female
520,1993-01-13,female
525,1994-06-26,female
527,1990-08-17,female
531,1990-03-27,female
533,1985-05-20,female
535,1997-03-25,female
540,1987-12-20,female
541,1993-10-03,female
542,1998-12-02,female
544,1993-01-08,female
546,1995-10-19,female
556,1991-10-18,female
562,1997-08-29,female
567,1989-05-06,female
571,1998-04-30,female
572,1998-11-21,female
574,1994-12-12,female
575,1994-09-25,female
576,1995-06-08,female
578,1996-08-31,female
579,1994-11-06,female
585,1989-08-10,female
586,1992-05-11,female
587,1991-03-15,female
590,1991-10-31,female
593,1998-01-01,female
595,1991-07-06,female
596,1989-01-04,female
599,1995-09-11,female
600,1997-05-05,female
601,1996-11-05,female
602,1988-01-07,female
603,2000-09-12,female
604,1999-06-02,female
605,1994-01-01,female
609,1990-03-28,female
610,1992-12-08,female
614,1993-11-12,female
616,1978-01-04,female
617,1989-12-08,female
619,1994-04-14,female
620,1996-04-01,female
621,1998-11-20,female
623,1993-02-25,female
624,1991-03-30,female
625,1996-06-02,female
626,1985-03-20,female
630,1995-07-19,female
631,1993-09-03,female
635,1995-12-21,female
636,1996-11-09,female
641,1986-04-15,female
644,1992-09-04,female
649,1994-12-14,female
650,1993-11-03,female
651,1996-01-13,female
652,1990-06-11,female
654,1993-05-19,female
659,1988-04-27,female
661,1987-09-16,female
662,1997-09-23,female
663,1990-02-19,female
665,1992-08-07,female
670,1997-03-28,female
672,1994-01-25,female
674,1991-03-25,female
675,1992-04-23,female
678,1996-11-25,female
679,1990-10-10,female
683,1998-06-17,female
685,1991-08-06,female
686,1996-01-18,female
687,1987-07-26,female
688,1994-12-07,female
691,1994-03-01,female
693,1993-01-26,female
695,1994-03-14,female
696,1996-08-03,female
700,1993-10-18,female
702,1993-06-06,female
703,1996-04-30,female
705,1988-07-17,female
706,1997-07-22,female
708,1991-04-23,female
709,1994-01-08,female
710,1993-07-24,female
711,1996-03-26,female
713,1996-03-14,female
714,1986-12-23,female
717,1997-11-13,female
724,1993-03-26,female
727,1992-08-23,female
732,1994-08-24,female
733,2001-08-05,female
734,1993-05-28,female
735,1996-02-02,female
737,1994-12-12,female
738,1997-05-02,female
739,1996-11-03,female
740,1995-08-05,female
743,1992-03-20,female
748,1991-02-24,female
753,1990-10-08,female
757,1990-10-01,female
758,1995-02-02,female
762,1997-01-14,female
765,1985-08-27,female
767,1989-07-25,female
770,1993-05-21,female
772,1991-03-02,female
775,1991-11-01,female
779,1996-08-29,female
780,1997-03-29,female
783,1997-07-07,female
784,1995-03-24,female
785,1993-01-25,female
791,1988-10-05,female
793,1991-09-15,female
794,1989-11-21,female
796,1990-09-16,female
799,1993-10-19,female
800,1990-12-06,female
803,1995-06-30,female
806,1988-05-01,female
810,1985-09-19,female
811,1990-05-13,female
814,1994-04-29,female
818,1989-09-24,female
820,1993-07-20,female
822,1990-12-19,female
826,1993-10-26,female
827,1998-11-10,female
828,1994-05-02,female
842,1990-10-10,female
844,1990-04-06,female
847,1997-02-08,female
850,1996-11-11,female
852,1995-04-24,female
855,1993-02-03,female
859,1993-06-06,female
860,1997-08-25,female
863,1996-07-01,female
865,1991-01-13,female
869,2001-08-25,female
871,1990-05-27,female
873,1992-07-29,female
874,1996-11-20,female
876,1992-10-24,female
879,1987-09-13,female
880,1990-10-23,female
882,1997-08-22,female
886,1999-05-24,female
887,1990-04-09,female
889,1991-08-08,female
894,1995-03-10,female
895,1989-10-17,female
896,1990-01-01,female
898,1999-10-27,female
900,1997-08-17,female
901,1986-07-12,female
903,1993-11-16,female
905,1987-04-08,female
909,1997-12-19,female
913,1991-03-22,female
916,1995-08-26,female
917,1996-01-30,female
918,1994-09-16,female
920,1989-10-17,female
929,1996-08-14,female
930,1992-12-21,female
935,1989-07-28,female
936,1989-06-29,female
939,1990-12-04,female
941,1988-09-14,female
942,1986-02-07,female
944,1997-07-16,female
949,1991-11-09,female
951,1987-02-18,female
952,1985-02-14,female
953,1997-04-16,female
960,1987-05-09,female
963,2000-02-01,female
964,1996-10-09,female
965,1985-01-18,female
966,1994-08-19,female
968,1995-10-24,female
969,1988-10-13,female
970,1992-07-21,female
971,1989-03-29,female
974,1990-08-12,female
975,1991-04-02,female
978,1991-09-28,female
985,1995-06-27,female
987,1995-05-22,female
990,1994-08-12,female
992,1989-03-22,female
994,1989-03-26,female
995,1990-05-01,female
997,1996-10-24,female
998,1990-03-20,female
999,1991-06-04,female
1001,1995-07-22,female
1004,1988-12-23,female
1005,1994-05-23,female
1006,1990-02-13,female
1007,1990-08-26,female
1012,1989-02-17,female
1025,1990-12-30,female
1026,1984-11-08,female
1027,1991-06-01,female
1029,1996-01-29,female
1031,1990-01-19,female
1032,1995-12-19,female
1034,1991-12-08,female
1036,1991-04-21,female
1037,1990-04-15,female
1040,1993-03-02,female
1042,1991-01-09,female
1044,1998-04-28,female
1049,1994-04-08,female
1050,1992-06-24,female
1052,1985-09-25,female
1055,1992-12-11,female
1060,1988-12-03,female
1063,1998-01-28,female
1064,1992-10-22,female
1066,1998-02-12,female
1070,1990-12-16,female
1076,1995-07-02,female
1077,1984-02-10,female
1078,1992-05-18,female
1081,1990-04-30,female
1082,1989-08-25,female
1084,1987-08-07,female
1085,1994-01-27,female
1086,1988-12-06,female
1089,1984-05-25,female
1091,1988-04-19,female
1097,1997-03-01,female
1100,1986-12-10,female
1102,1987-08-20,female
1103,1995-03-23,female
1104,1999-07-03,female
1105,1990-11-19,female
1106,1995-03-31,female
1110,1994-05-19,female
1113,1993-07-02,female
1120,1989-12-25,female
1121,1996-06-04,female
1125,1998-10-28,female
1129,1992-09-09,female
1131,1996-06-12,female
1140,1992-07-29,female
1143,1985-06-13,female
1145,1989-07-15,female
1150,1992-10-05,female
1155,1984-07-10,female
1160,1991-10-05,female
1166,1992-08-05,female
1170,1990-07-15,female
1174,1993-08-05,female
1176,1998-10-31,female
1178,1993-11-25,female
1179,1993-11-07,female
1182,1990-06-13,female
1183,1996-04-08,female
1184,1989-10-09,female
1185,1990-11-06,female
1189,2000-02-26,female
1199,1991-08-05,female
1204,1991-06-19,female
1208,1992-08-04,female
1210,1990-12-25,female
1213,2001-09-20,female
1216,1994-08-27,female
1219,1999-04-21,female
1221,1994-03-18,female
1222,1996-07-01,female
1223,1995-05-06,female
1226,1996-12-21,female
1228,1985-11-30,female
1232,1986-06-11,female
1233,1993-12-17,female
1234,1998-12-22,female
1235,1992-09-07,female
1236,1993-09-18,female
1238,1995-11-19,female
1246,1994-07-30,female
1248,1999-01-29,female
1252,1989-01-25,female
1266,1995-05-10,female
1268,1998-08-05,female
1270,1999-07-27,female
1271,1986-10-26,female
1282,1995-10-15,female
1284,1994-01-06,female
1285,1985-04-13,female
1286,1990-04-05,female
1292,1983-08-21,female
1299,1996-07-08,female
1301,1993-03-18,female
1308,1990-05-10,female
1314,1987-04-25,female
1315,1989-05-04,female
1316,1986-10-02,female
1317,1998-11-10,female
1320,1999-03-22,female
1324,1989-05-11,female
1327,1996-04-26,female
1329,1992-08-06,female
1330,1988-09-25,female
1331,1987-09-27,female
1332,1988-10-17,female
1333,1990-10-16,female
1336,1996-03-03,female
1345,1993-07-31,female
1348,2002-02-20,female
1351,1991-10-19,female
1355,1995-04-27,female
1358,1991-12-09,female
1360,1989-11-18,female
1363,1995-11-23,female
1368,1993-02-03,female
1374,1995-03-24,female
1377,1997-05-09,female
1379,1993-10-30,female
1389,1989-02-06,female
1394,1995-04-11,female
1395,1997-06-20,female
1396,1995-09-28,female
1401,1991-07-02,female
1404,1999-06-15,female
1407,1992-04-08,female
1409,1994-01-21,female
1414,1992-03-08,female
1416,1992-03-28,female
1421,1993-09-10,female
1422,1990-05-05,female
1424,1992-06-15,female
1425,1995-12-13,female
1429,1988-07-08,female
1430,1987-03-10,female
1432,1994-06-29,female
1433,1994-07-26,female
1438,1997-08-31,female
1439,1994-11-17,female
1441,1987-05-23,female
1442,1987-03-22,female
1449,1994-10-10,female
1451,1988-09-22,female
1452,1991-05-27,female
1455,1996-12-27,female
1457,1994-12-19,female
1458,1998-04-06,female
1460,1986-06-24,female
1461,1996-08-07,female
1463,1994-02-05,female
1464,1987-05-27,female
1467,1990-07-16,female
1471,1994-04-30,female
1473,1993-06-24,female
1476,1994-03-09,female
1478,1994-09-07,female
1484,1993-06-15,female
1486,1984-02-18,female
1488,1994-05-05,female
1490,1994-05-08,female
1492,1995-07-22,female
1493,1988-04-29,female
1495,2001-11-18,female
1498,1990-04-20,female
1500,1992-09-14,female
1504,1995-11-10,female
1505,1994-01-31,female
1516,1990-09-03,female
1520,1992-06-20,female
1523,1990-05-23,female
1524,1993-03-20,female
1527,1995-12-18,female
1529,1994-04-05,female
1531,1991-04-18,female
1534,1996-10-06,female
1535,1990-09-23,female
1538,1995-02-21,female
1539,1992-04-08,female
1541,1989-04-17,female
1542,1991-12-14,female
1551,1993-04-28,female
1552,1995-08-05,female
1560,2000-08-15,female
1564,1997-06-19,female
1565,1993-01-12,female
1566,1991-08-25,female
1574,1987-11-19,female
1578,1994-05-19,female
1586,1994-12-08,female
1592,2007-12-10,female
1594,1996-06-20,female
1596,1990-12-14,female
1599,1993-01-10,female
1601,1990-07-07,female
1602,1993-06-28,female
1603,1989-10-27,female
1608,1993-02-06,female
1609,1999-01-29,female
1610,1992-12-21,female
1611,1992-06-13,female
1613,1995-05-21,female
1614,1995-10-10,female
1615,1991-01-05,female
1616,1993-06-20,female
1620,1985-12-11,female
1621,1985-10-11,female
1622,1999-02-26,female
1623,1985-05-02,female
1624,1991-08-28,female
1625,1994-09-05,female
1629,1999-06-22,female
1635,1992-02-17,female
1638,2003-06-06,female
1639,1996-04-08,female
1641,1990-01-03,female
1649,1994-04-23,female
1650,1989-11-11,female
1653,1994-07-26,female
1655,1995-02-26,female
1657,1986-10-05,female
1660,1991-03-21,female
1663,2001-02-13,female
1667,1992-04-11,female
1668,1988-12-31,female
1669,1993-06-24,female
1670,1989-07-21,female
1676,1996-04-06,female
1677,1988-06-22,female
1678,1994-05-01,female
1683,1986-12-27,female
1684,1991-03-25,female
1692,1993-04-27,female
1694,1990-12-30,female
1699,1993-11-02,female
1702,1994-03-29,female
1706,1990-05-17,female
1708,1989-12-22,female
1709,2002-01-03,female
1710,1990-03-27,female
1711,1996-04-03,female
1713,1992-04-17,female
1718,1991-11-05,female
1719,1998-04-06,female
1720,1989-01-18,female
1725,2001-04-03,female
1726,1993-07-02,female
1728,1996-01-29,female
1731,1990-08-08,female
1732,1994-08-27,female
1739,2000-03-30,female
1741,2005-09-13,female
1747,1994-01-28,female
1749,1997-02-22,female
1750,1994-01-10,female
1755,1990-08-10,female
1759,1981-04-23,female
1760,1993-01-26,female
1761,1991-04-30,female
1764,1992-03-08,female
1769,1987-09-27,female
1771,1991-06-28,female
1772,1995-03-16,female
1774,1989-03-28,female
1777,1990-08-23,female
1779,1996-11-22,female
1787,1990-06-24,female
1793,1983-11-26,female
1795,1987-12-31,female
1801,1988-08-02,female
1803,1983-04-11,female
1805,1995-03-01,female
1806,1991-04-30,female
1807,1994-11-23,female
1811,1999-09-23,female
1821,1994-01-12,female
1822,1993-11-03,female
1823,1986-08-12,female
1824,1988-12-07,female
1825,1997-11-11,female
1826,1990-02-16,female
1828,1984-03-01,female
1829,1997-02-18,female
1830,1988-01-11,female
1831,1994-02-07,female
1832,1987-04-03,female
1836,1999-08-22,female
1839,1995-09-01,female
1840,1997-02-09,female
1841,1995-09-22,female
1843,1997-03-29,female
1844,1999-04-03,female
1845,1994-02-07,female
1848,1991-03-18,female
1849,1992-10-30,female
1856,1989-08-22,female
1858,1996-05-22,female
1859,1986-09-30,female
1861,1996-07-19,female
1864,1994-09-12,female
1865,1994-03-08,female
1870,1986-09-07,female
1873,1989-12-02,female
1874,1986-12-22,female
1877,1995-10-14,female
1883,1990-09-18,female
1884,1995-04-21,female
1885,2006-08-01,female
1891,1983-03-19,female
1894,1988-01-04,female
1897,1992-07-03,female
1900,1998-01-30,female
1902,1990-09-14,female
1903,1991-12-15,female
1904,1992-02-29,female
1907,2002-12-23,female
1909,1993-04-19,female
1910,1987-02-25,female
1913,1992-08-14,female
1914,1999-09-18,female
1918,1994-01-23,female
1919,1989-09-09,female
1926,1995-01-02,female
1928,1993-05-21,female
1929,1989-07-27,female
1931,1995-11-03,female
1935,1988-07-15,female
1937,2001-02-12,female
1945,1993-12-03,female
1946,1989-06-27,female
1948,1988-01-23,female
1949,1996-12-21,female
1950,1994-05-23,female
1951,1998-01-19,female
1954,1998-10-25,female
1958,1998-05-11,female
1959,1990-10-06,female
1969,2000-10-24,female
1972,1985-05-20,female
1977,1995-03-06,female
1978,1995-06-19,female
1980,2003-10-08,female
1983,1987-11-03,female
1984,1998-04-24,female
1985,1987-11-23,female
1986,2000-06-21,female
1989,1991-08-02,female
1992,1987-06-24,female
1993,2002-04-25,female
1996,1986-09-11,female
1997,1991-01-05,female
1998,1986-03-05,female
1999,1986-11-14,female
2003,2001-03-07,female
2011,1985-05-26,female
2012,1989-11-05,female
2015,1994-04-23,female
2017,1986-11-04,female
2020,1988-12-18,female
2021,1991-09-16,female
2022,1984-09-12,female
2023,1992-06-07,female
2026,1991-10-22,female
2030,1993-01-03,female
2033,1992-10-08,female
2034,1984-08-03,female
2035,1998-02-06,female
2037,1990-10-22,female
2038,1996-11-03,female
2039,1991-04-23,female
2043,1992-12-08,female
2045,1987-09-19,female
2046,1992-08-17,female
2047,1991-07-29,female
2050,1994-06-10,female
2053,1987-07-25,female
2056,1986-01-11,female
2059,1988-06-15,female
2060,1989-05-13,female
2063,1987-01-05,female
2065,1995-04-13,female
2069,1987-05-21,female
2070,1988-07-25,female
2071,1989-08-20,female
2079,2000-04-28,female
2080,1988-04-01,female
2081,1998-07-07,female
2083,1994-05-12,female
2084,1996-09-16,female
2087,1988-03-29,female
2088,1996-07-17,female
2089,1995-04-19,female
2092,1995-09-19,female
2094,1992-04-29,female
2097,1993-06-29,female
2099,1989-06-09,female
2100,1995-02-22,female
2101,1997-10-03,female
2104,1991-10-18,female
2105,1997-12-20,female
2108,1997-07-31,female
2111,1992-04-17,female
2112,1985-07-05,female
2113,1990-06-08,female
2118,1990-05-08,female
2125,1989-09-29,female
2126,1992-04-09,female
2129,1997-09-19,female
2132,1991-08-10,female
2133,1989-03-17,female
2134,1997-02-28,female
2142,1990-12-26,female
2143,1994-06-13,female
2144,1992-08-03,female
2145,1995-05-10,female
2146,1999-04-08,female
2147,1990-01-07,female
2151,1996-03-29,female
2152,1998-01-25,female
2161,1995-07-03,female
2165,2000-10-19,female
2167,1986-09-16,female
2176,1995-10-07,female
2178,1995-09-10,female
2181,1988-12-07,female
2185,1990-12-04,female
2190,1992-07-22,female
2191,1987-05-30,female
2192,1993-01-26,female
2193,1993-05-08,female
2196,1994-04-11,female
2200,1981-06-05,female
2201,1994-11-11,female
2205,1994-01-06,female
2206,1991-07-15,female
2207,1993-01-06,female
2208,1991-05-20,female
2210,1992-03-25,female
2211,1994-10-13,female
2216,1994-12-28,female
2218,1999-01-19,female
2220,1993-09-30,female
2221,1996-10-06,female
2222,1989-01-13,female
2224,1996-09-06,female
2229,1987-08-20,female
2230,1990-05-24,female
2231,1990-07-11,female
2235,1996-02-07,female
2236,1995-06-27,female
2237,1995-08-07,female
2245,1996-07-15,female
2246,1986-03-25,female
2251,1989-11-27,female
2253,1992-02-22,female
2254,1997-05-08,female
2255,1990-06-28,female
2259,1989-05-30,female
2260,1992-02-26,female
2267,1993-04-25,female
2269,1997-02-02,female
2270,1985-08-11,female
2275,1982-11-05,female
2280,1993-04-22,female
2283,1983-04-06,female
2290,1989-09-21,female
2291,1992-12-16,female
2293,1987-07-04,female
2294,1994-05-26,female
2297,1990-10-17,female
2302,1990-08-01,female
2303,1993-08-22,female
2304,1993-03-26,female
2306,1989-09-10,female
2307,1996-04-24,female
2309,1990-01-03,female
2312,1992-10-13,female
2318,1996-04-05,female
2319,1990-11-27,female
2320,1993-09-08,female
2321,1994-03-02,female
2323,1994-10-11,female
2326,1986-05-01,female
2329,1984-07-27,female
2331,1991-08-12,female
2336,1986-05-01,female
2338,1987-01-25,female
2340,1992-07-31,female
2342,1993-11-13,female
2343,1988-03-10,female
2344,1990-01-31,female
2347,1989-06-28,female
2360,1992-01-12,female
2362,1991-12-02,female
2376,1997-10-14,female
2377,1988-10-29,female
2382,1992-10-05,female
2384,1983-03-06,female
2385,1989-03-31,female
2391,1991-04-04,female
2399,1995-02-01,female
2401,1989-02-22,female
2403,1991-01-27,female
2407,1993-04-18,female
2408,1997-04-15,female
2409,1999-03-10,female
2411,1985-07-16,female
2412,1983-07-06,female
2414,1986-12-08,female
2415,1995-09-01,female
2420,1995-08-29,female
2422,1998-06-17,female
2425,1994-02-02,female
2431,1994-02-27,female
2433,1994-08-27,female
2434,1995-06-04,female
2436,1991-04-16,female
2440,1997-08-20,female
2451,1992-02-29,female
2453,1990-01-15,female
2454,1994-12-22,female
2455,1991-06-16,female
2459,1996-12-20,female
2460,1990-01-07,female
2461,1996-12-11,female
2466,1997-09-07,female
2467,1994-07-29,female
2469,1999-05-16,female
2470,1987-08-25,female
2471,1985-05-08,female
2477,1992-04-04,female
2479,1988-12-26,female
2482,1999-04-01,female
2492,1991-05-30,female
2493,1990-11-12,female
2494,1992-12-12,female
2496,1990-02-22,female
2505,1993-05-13,female
2508,1990-08-22,female
2522,1992-07-21,female
2523,1989-11-30,female
2525,1994-01-19,female
2526,1992-03-28,female
2531,1990-01-14,female
2535,1995-03-26,female
2539,1990-11-29,female
2549,1993-06-25,female
2553,1993-05-07,female
2556,1994-10-04,female
2557,2007-08-09,female
2559,1990-07-30,female
2560,1986-07-29,female
2562,1985-01-24,female
2563,1998-03-18,female
2564,1995-03-02,female
2565,1989-10-12,female
2573,1990-05-08,female
2577,1983-01-11,female
2578,1991-03-30,female
2585,1995-05-22,female
2587,1992-07-28,female
2588,1992-10-26,female
2602,1993-11-27,female
2610,1990-02-27,female
2615,1988-06-08,female
2624,1996-10-07,female
2625,1996-07-07,female
2637,1999-09-19,female
2651,1995-07-23,female
2652,1992-08-22,female
2653,1993-12-19,female
2659,1990-04-28,female
2664,2001-04-01,female
2675,1998-11-28,female
2682,1998-10-27,female
2684,1982-07-14,female
2686,1983-05-07,female
2697,1991-04-06,female
2699,1986-03-25,female
2700,1993-04-05,female
2701,1996-04-07,female
2703,1991-01-11,female
2706,1989-04-26,female
2708,1997-03-17,female
2717,1987-03-30,female
2729,1993-10-08,female
2737,2001-12-09,female
2740,1990-06-28,female
2751,1998-05-07,female
2752,1993-04-24,female
2757,1993-01-26,female
2762,1993-12-16,female
2763,1995-04-24,female
2766,1992-05-31,female
2767,1994-08-16,female
2768,1990-07-31,female
2770,1988-05-05,female
2776,1998-07-27,female
2777,1990-03-20,female
2779,1998-03-19,female
2780,1991-08-07,female
2784,1992-11-25,female
2786,1997-05-14,female
2791,1989-05-07,female
2793,1998-08-23,female
2794,1989-09-29,female
2796,1992-11-16,female
2797,1993-12-06,female
2798,1998-03-16,female
2799,1997-09-05,female
2802,1997-07-01,female
2803,1999-06-10,female
2805,1992-05-12,female
2807,1990-11-07,female
2809,1998-08-24,female
2812,1988-09-20,female
2813,1991-06-22,female
2816,1997-03-04,female
2818,1989-05-03,female
2819,1992-02-18,female
2821,1991-04-30,female
2822,1992-08-06,female
2826,1994-04-07,female
2827,1991-06-23,female
2835,1991-01-14,female
2838,1993-06-15,female
2841,1990-12-02,female
2849,1994-11-19,female
2854,1988-09-13,female
2856,1992-08-14,female
2857,1988-11-13,female
2860,1991-01-01,female
2863,1995-01-31,female
2864,1996-03-06,female
2866,1989-03-30,female
2870,1993-08-30,female
2871,1986-02-28,female
2873,1986-09-10,female
2878,1995-06-19,female
2881,1987-03-04,female
2884,1994-06-21,female
2885,1993-12-17,female
2887,1996-03-18,female
2891,1991-06-27,female
2893,1990-03-31,female
2894,1987-07-02,female
2897,1991-11-28,female
2898,1987-10-01,female
2899,1993-09-11,female
2902,1997-10-11,female
2904,1994-05-01,female
2906,1989-07-23,female
2907,1996-12-16,female
2908,1994-01-27,female
2909,1995-11-17,female
2914,1992-05-28,female
2915,1992-02-25,female
2919,1993-12-11,female
2920,1990-01-12,female
2921,1994-04-18,female
2922,1991-08-06,female
2923,1993-10-21,female
2930,1989-08-02,female
2931,1989-07-04,female
2932,1994-10-05,female
2933,1994-11-13,female
2937,1989-07-21,female
2938,1995-10-26,female
2939,1990-08-28,female
2943,1993-01-02,female
2944,1993-04-07,female
2945,1991-12-05,female
2947,2001-03-20,female
2948,1993-03-05,female
2951,1989-05-28,female
2953,1990-08-11,female
2961,1988-11-04,female
2964,1991-10-06,female
2965,1989-12-01,female
2967,1990-06-08,female
2968,1990-08-15,female
2974,1991-07-31,female
2976,2002-01-25,female
2977,1990-08-21,female
2978,1991-01-14,female
2980,1989-02-21,female
2984,1989-08-29,female
2988,1998-03-12,female
2991,1995-05-29,female
2992,1985-11-18,female
2994,1997-09-19,female
2996,1993-02-09,female
2998,1992-06-04,female
3001,1998-04-12,female
3007,1995-02-16,female
3014,1992-05-11,female
3015,1997-03-19,female
3016,1996-10-20,female
3018,1993-12-05,female
3022,2001-02-13,female
3026,1993-07-30,female
3027,1993-05-14,female
3028,1984-11-15,female
3032,1994-05-13,female
3033,1994-12-28,female
3034,1991-07-01,female
3037,1992-05-26,female
3038,1987-07-05,female
3040,1992-10-06,female
3056,1985-02-15,female
3057,1995-05-20,female
3062,1993-03-17,female
3066,1995-10-15,female
3067,1991-03-10,female
3074,1994-01-04,female
3075,1990-08-28,female
3081,1993-09-03,female
3087,1996-09-14,female
3089,1994-08-20,female
3098,1987-07-06,female
3107,1989-02-01,female
3109,1995-01-27,female
3111,1988-11-17,female
3113,1987-09-11,female
3121,1993-01-25,female
3124,1992-06-26,female
3128,1997-01-02,female
3129,1995-09-12,female
3131,1994-11-14,female
3132,1992-01-16,female
3136,1996-02-16,female
3145,1990-09-23,female
3148,1996-07-15,female
3150,1996-12-09,female
3152,1995-01-29,female
3153,1990-12-16,female
3160,1991-11-10,female
3163,1997-02-08,female
83,,male
187,,male
200,,male
232,,male
411,,male
450,,male
467,,male
481,,male
726,,male
790,,male
849,,male
1652,,male
1810,,male
2141,,male
2212,,male
2233,,male
2239,,male
2656,,male
2867,,male
1016,,female
1462,,female
1582,,female
1644,,female
1700,,female
1756,,female
2091,,female
2128,,female
2963,,female
