courier_id;birth_date;sex
1;11.06.1981;female
2;27.06.1991;male
3;04.05.1994;male
4;02.06.1999;male
5;22.12.1998;female
6;20.09.1988;female
7;09.07.2003;male
8;02.10.1992;female
9;23.05.1992;male
10;13.02.1992;female
11;25.12.1994;male
12;26.08.1994;female
13;16.05.1995;male
14;22.07.1989;male
15;06.03.1997;female
16;17.02.1993;female
17;22.10.1997;male
18;05.01.1995;female
19;07.03.1995;male
20;18.11.1992;female
21;12.01.1998;male
22;05.01.1990;male
23;26.03.1990;male
24;09.04.1986;male
25;22.10.1993;male
26;24.01.1994;male
27;02.01.1990;female
28;30.11.1997;female
29;21.10.1990;female
30;12.06.1995;male
31;14.01.1995;female
32;17.03.1991;female
33;07.11.1991;male
34;30.03.1992;male
35;18.10.1993;female
36;28.04.1990;male
37;02.05.1991;female
38;03.10.1994;male
39;16.10.1992;male
40;28.01.1993;male
41;15.12.1991;male
42;12.04.1990;male
43;24.03.1987;female
44;03.04.1992;male
45;01.06.1994;male
46;11.08.1989;male
47;03.10.1992;female
48;01.04.1990;female
49;31.08.1996;male
50;29.10.1984;female
51;16.03.1989;female
52;14.08.1995;male
53;04.08.1995;male
54;11.02.1999;male
55;06.10.1988;male
56;18.05.1995;male
57;04.01.1992;female
58;26.09.1993;male
59;11.10.1990;female
60;28.12.1990;male
61;23.07.1993;male
62;14.08.1996;male
63;11.07.1993;female
64;04.07.1991;female
65;14.03.1993;male
66;08.09.1993;male
67;16.10.1987;male
68;07.04.1992;male
69;04.08.1991;female
70;19.01.1987;male
71;15.09.1994;male
72;31.12.1991;male
74;07.06.1987;female
75;27.03.1992;male
76;22.02.1993;male
77;11.01.1992;female
78;27.03.1986;male
79;14.12.1992;female
80;21.06.1991;male
81;09.12.1985;male
82;29.04.1987;male
83;NA;male
84;20.01.1996;female
85;16.08.1984;female
86;03.09.1991;female
87;30.11.1989;female
88;25.04.1994;male
89;27.09.1990;male
90;13.12.1993;male
91;13.03.1990;male
92;18.09.1989;female
93;14.06.1985;male
94;06.07.1992;male
95;05.10.1999;male
97;06.05.1986;male
98;18.02.1988;male
99;19.05.1994;female
100;07.02.1989;male
101;14.10.1987;male
102;30.08.1994;female
103;14.10.1994;female
104;30.12.1991;male
105;10.08.1983;female
106;10.06.1991;male
107;05.08.1991;male
108;12.08.1987;female
109;13.12.1984;female
110;31.08.1995;male
111;05.02.1989;female
112;10.01.1997;male
113;14.02.1998;female
114;20.08.1992;male
115;26.02.1996;male
116;01.05.1993;male
117;28.02.1994;male
118;03.05.1989;female
119;21.06.1993;female
120;27.12.2000;female
121;13.05.1993;female
122;16.02.1993;female
123;04.07.1998;male
124;12.07.1997;female
125;10.07.1981;female
126;07.08.1996;male
127;22.10.1988;male
128;22.11.1992;female
129;02.02.1995;male
130;26.11.1986;female
131;16.08.1998;female
132;05.01.1985;female
133;11.03.1996;male
134;27.04.1986;female
135;19.11.1994;male
136;08.12.1992;male
137;11.08.1990;male
138;07.03.1985;female
139;22.12.1997;male
140;19.07.1989;male
141;01.07.1991;female
142;25.02.1998;female
143;03.01.1999;female
144;13.04.1986;male
145;26.11.1989;male
146;15.12.1983;female
147;03.10.1988;male
148;16.04.1990;male
149;05.09.1999;male
150;26.02.1995;male
151;03.06.1991;male
152;12.05.1997;male
153;09.11.1993;female
154;15.04.1993;male
155;04.02.2000;female
156;17.07.1991;male
157;13.05.1990;male
158;07.02.1994;female
159;12.07.1993;male
160;18.04.1986;male
161;13.10.1993;male
162;29.05.2000;male
163;29.01.1996;female
164;10.01.1991;male
165;16.09.1995;female
166;08.12.1989;female
167;26.05.1991;male
168;23.11.1988;male
169;09.04.1990;male
170;06.03.1989;male
171;21.08.1990;female
172;28.02.1991;male
173;02.04.1985;male
174;09.12.1995;female
175;22.03.1988;male
176;11.04.1996;female
177;20.05.1994;female
178;27.12.1992;male
179;31.08.1993;male
180;12.05.1990;male
181;29.01.1994;male
182;07.03.1987;male
183;17.08.1998;male
184;12.06.1991;male
185;15.09.1992;male
186;30.01.1996;male
187;NA;male
188;13.05.1992;male
189;10.08.1994;male
190;20.04.1989;male
191;12.05.1995;female
192;24.12.1989;male
193;13.06.1992;male
194;28.01.1984;female
196;26.01.1994;female
197;15.09.1990;female
198;15.07.1988;female
199;28.05.1991;male
200;NA;male
201;05.01.1994;male
202;05.01.1998;male
203;24.10.1987;male
204;23.01.1993;male
205;10.04.1996;male
206;17.09.1996;male
207;25.05.1994;female
208;20.03.1992;male
209;16.02.1994;female
210;25.12.1989;male
211;09.11.1989;female
212;29.09.1997;female
213;22.01.1990;female
214;27.04.1998;male
215;04.08.1996;male
216;12.12.1990;male
217;23.03.1989;female
218;10.01.1991;male
219;12.03.1999;female
220;13.04.1988;female
221;14.08.1994;female
222;24.12.1998;female
223;28.02.1993;female
224;17.02.1995;male
225;18.01.1999;male
226;06.09.1988;female
227;08.05.1992;male
228;13.07.1990;male
229;15.08.1994;female
230;22.07.1989;female
231;09.07.1991;female
232;NA;male
233;01.12.1997;male
234;25.03.1992;female
235;25.03.1995;male
236;13.05.1987;female
237;09.04.1991;male
238;13.02.1989;male
239;26.03.1991;female
240;09.09.1996;male
241;11.09.1993;male
242;05.01.1981;male
243;13.08.1994;female
244;13.07.1990;male
245;26.08.1990;male
246;29.12.1999;male
247;22.10.1988;male
248;26.07.1999;female
249;13.06.1988;male
250;24.02.1997;male
251;05.03.1992;male
252;18.11.1995;male
253;07.09.1988;male
254;21.04.1988;male
255;21.09.1991;male
256;08.07.1992;male
257;17.06.1989;male
258;01.08.1996;male
259;10.10.1989;male
260;05.01.1997;female
261;06.10.1993;male
262;26.03.1992;male
263;31.05.1993;male
264;11.01.1990;male
265;08.12.1996;female
266;06.04.1995;female
267;25.12.1993;male
268;02.03.1981;male
269;02.09.1986;male
270;21.01.1990;female
271;16.04.1991;male
272;19.03.1994;female
273;25.07.1992;male
274;05.08.1988;female
275;12.04.1991;female
276;06.03.1989;female
277;04.10.1994;male
279;09.11.1994;male
280;25.11.1987;male
281;10.12.1988;female
282;26.03.2001;female
283;11.05.1995;male
284;09.04.1995;male
285;16.04.1990;male
286;13.06.1988;male
287;17.05.1992;male
288;06.08.1989;male
289;31.05.1985;female
290;03.05.1993;male
291;03.04.1988;male
292;22.01.1995;female
293;02.03.1990;male
294;22.03.1993;male
295;04.02.1994;female
296;09.03.1991;male
297;09.09.1991;female
298;25.10.1985;female
299;05.06.1996;male
300;29.05.1994;female
301;09.05.1993;male
302;02.05.1988;male
303;12.12.1986;male
304;14.10.1989;male
305;30.05.1996;male
306;03.08.1994;female
307;15.11.1989;female
308;07.02.1990;female
309;02.06.1989;female
310;22.08.1992;male
311;22.10.1990;male
312;18.05.1993;male
313;24.12.1998;male
314;22.12.1990;male
315;06.10.2000;male
316;10.08.1989;female
317;21.08.1995;male
318;20.05.1992;female
319;26.03.1996;female
320;07.07.1986;female
321;09.01.1997;male
322;12.10.1991;female
323;28.04.1991;male
324;11.10.1992;male
325;25.09.1990;female
326;04.04.1997;female
327;06.02.2000;female
328;17.11.1992;male
329;12.01.1987;female
330;28.04.1996;female
331;18.02.1995;female
332;08.03.1995;male
333;30.03.1996;male
334;22.10.1991;female
335;18.09.1993;female
336;23.05.2001;male
337;14.08.1994;male
338;24.02.1997;male
339;10.04.1987;male
340;05.09.1988;female
341;15.07.1992;female
342;01.05.1995;male
343;05.06.1995;female
344;28.03.1987;male
345;15.10.1994;male
346;16.11.1993;female
347;27.04.1985;male
348;22.01.1999;male
349;31.12.1993;male
350;30.09.1994;male
351;01.11.1986;male
352;15.05.1986;male
353;15.03.1990;male
354;09.04.1987;female
355;27.07.1991;male
356;05.09.1992;male
357;12.11.1992;male
358;08.05.1990;male
359;02.05.1986;male
360;05.11.1995;female
361;27.05.1989;male
362;29.01.1994;male
363;11.11.1992;male
364;19.12.1984;male
365;08.12.1994;female
366;11.12.1994;male
367;03.02.1989;female
368;31.10.1993;female
369;21.04.1989;male
370;03.11.1988;male
371;21.10.1993;male
372;05.07.1995;female
373;07.02.1999;male
374;16.09.1998;female
375;19.05.1991;male
376;22.06.1998;male
377;02.06.1998;male
378;24.09.1992;male
379;13.05.1989;male
380;05.12.1996;female
381;10.01.1991;female
382;03.03.1992;female
383;11.08.1991;female
384;04.03.1987;male
385;15.04.1995;male
386;25.09.1986;male
387;30.04.1992;female
388;04.04.1989;female
389;14.06.1986;male
390;02.01.1995;female
391;13.05.1996;female
392;28.09.1990;male
393;29.06.1986;female
394;04.05.1994;male
395;07.11.2002;male
396;24.12.1994;female
397;27.09.1991;male
398;28.07.1992;male
399;29.12.1991;male
400;09.10.1994;male
401;21.04.1993;female
402;29.09.1994;female
403;25.01.1987;female
404;21.03.1993;female
405;09.07.2001;female
406;08.09.1987;female
407;29.03.1993;male
408;09.04.1995;male
409;09.12.1990;male
410;16.06.1994;male
411;NA;male
412;04.07.1992;male
413;28.12.1996;male
414;27.09.1989;male
415;08.05.1988;male
416;13.11.1991;male
417;28.08.2002;male
418;24.10.1989;male
419;03.11.1985;male
420;09.11.1992;male
421;21.07.1997;female
422;17.05.1989;female
423;04.03.1993;male
424;05.06.1998;male
425;01.03.1985;female
426;30.08.1993;female
427;15.12.1995;female
428;10.05.1991;male
429;08.01.1992;female
430;03.04.1998;male
431;06.12.1995;male
432;08.08.1999;male
433;08.04.1988;male
434;11.10.1994;male
435;04.10.1990;male
436;26.07.1996;male
437;23.05.1992;male
438;16.12.1989;male
439;25.09.1995;male
440;15.11.2000;female
441;20.01.1994;male
442;26.09.1998;male
443;19.12.1989;male
444;04.07.1996;female
445;17.08.1988;female
446;27.06.1992;male
447;18.11.2000;male
448;05.05.1995;male
449;12.01.1995;female
450;NA;male
451;31.12.1990;male
452;31.05.1996;female
453;08.09.1996;female
454;15.10.1993;male
455;20.10.1983;male
456;04.02.1990;female
457;30.01.1998;female
458;12.12.1987;male
459;01.02.1992;male
460;09.04.1997;female
461;25.06.1993;female
462;20.09.1995;female
463;16.06.1996;male
464;25.11.1991;female
465;19.11.1989;female
466;05.01.1993;male
467;NA;male
468;26.05.1996;female
469;28.08.1994;male
470;22.08.1989;male
471;27.08.1994;female
472;22.05.1996;male
473;25.10.1991;female
474;20.10.1994;male
475;27.05.1990;male
476;02.04.1995;male
477;31.07.1994;female
478;06.04.1994;female
479;07.11.1995;female
480;19.04.1994;male
481;NA;male
482;11.03.1995;male
483;21.03.1993;male
484;07.12.1991;male
485;01.06.1994;male
486;21.10.1993;female
487;22.02.1991;male
488;08.09.1993;female
489;20.04.1992;male
490;16.06.1994;male
491;19.09.1992;female
492;24.11.1994;female
493;05.07.1973;female
494;04.05.2000;female
495;07.12.1992;male
496;10.01.1987;female
497;22.11.1985;male
498;23.12.1991;male
499;28.02.1991;female
500;24.11.1991;female
501;31.05.2000;female
502;14.03.1995;female
503;30.01.1993;male
504;24.12.1984;male
505;06.08.1987;male
506;04.07.1992;male
507;23.11.1991;female
508;07.01.1990;male
509;07.08.1998;female
510;26.02.1997;male
511;15.09.1993;male
512;23.02.1988;male
513;10.05.1987;male
514;26.10.1992;female
515;27.01.1994;female
516;09.08.2002;male
517;02.12.1991;male
518;02.10.1995;female
519;02.05.1993;male
520;13.01.1993;female
521;25.09.1996;male
522;21.06.1988;male
523;26.10.1995;male
524;24.05.1990;male
525;26.06.1994;female
526;13.04.1992;male
527;17.08.1990;female
528;21.08.1990;male
529;30.05.1991;male
530;30.11.1991;male
531;27.03.1990;female
532;24.11.1990;male
533;20.05.1985;female
534;29.05.1996;male
535;25.03.1997;female
536;03.12.1987;male
537;01.02.1993;male
538;08.01.1992;male
539;24.03.1994;male
540;20.12.1987;female
541;03.10.1993;female
542;02.12.1998;female
543;17.10.1991;male
544;08.01.1993;female
545;09.02.1997;male
546;19.10.1995;female
547;13.01.1994;male
548;25.08.1992;male
549;09.09.1990;male
550;29.03.1990;male
551;08.07.1987;male
552;29.04.1993;male
553;23.10.1990;male
554;27.07.1988;male
555;17.03.1995;male
556;18.10.1991;female
557;24.12.1988;male
558;14.01.1989;male
559;04.07.1988;male
560;28.01.1994;male
561;27.07.1992;male
562;29.08.1997;female
563;21.03.1992;male
564;08.01.1989;male
565;29.04.2000;male
566;23.05.1997;male
567;06.05.1989;female
568;27.05.1996;male
569;20.02.1998;male
570;30.08.1987;male
571;30.04.1998;female
572;21.11.1998;female
573;18.07.1988;male
574;12.12.1994;female
575;25.09.1994;female
576;08.06.1995;female
577;01.05.1992;male
578;31.08.1996;female
579;06.11.1994;female
580;14.08.1995;male
581;03.03.1989;male
582;06.09.1994;male
583;23.10.1991;male
584;10.09.1985;male
585;10.08.1989;female
586;11.05.1992;female
587;15.03.1991;female
588;03.04.1988;male
589;16.01.1993;male
590;31.10.1991;female
591;10.11.1992;male
593;01.01.1998;female
594;06.11.1995;male
595;06.07.1991;female
596;04.01.1989;female
597;17.12.1994;male
598;04.10.1993;male
599;11.09.1995;female
600;05.05.1997;female
601;05.11.1996;female
602;07.01.1988;female
603;12.09.2000;female
604;02.06.1999;female
605;01.01.1994;female
606;11.09.1993;male
607;23.10.2000;male
608;17.05.1991;male
609;28.03.1990;female
610;08.12.1992;female
611;24.09.1993;male
612;21.05.1990;male
613;09.09.1995;male
614;12.11.1993;female
615;06.06.1992;male
616;04.01.1978;female
617;08.12.1989;female
618;10.08.1992;male
619;14.04.1994;female
620;01.04.1996;female
621;20.11.1998;female
622;06.02.1992;male
623;25.02.1993;female
624;30.03.1991;female
625;02.06.1996;female
626;20.03.1985;female
627;22.04.1995;male
628;13.02.1990;male
629;29.09.1994;male
630;19.07.1995;female
631;03.09.1993;female
632;18.02.1994;male
633;20.04.1994;male
634;06.01.1991;male
635;21.12.1995;female
636;09.11.1996;female
637;24.02.1988;male
638;09.05.1989;male
639;12.11.1999;male
640;30.08.1993;male
641;15.04.1986;female
642;27.03.1998;male
643;27.01.1997;male
644;04.09.1992;female
645;12.03.1991;male
646;14.09.1998;male
647;27.12.1996;male
648;10.12.1990;male
649;14.12.1994;female
650;03.11.1993;female
651;13.01.1996;female
652;11.06.1990;female
653;19.06.1996;male
654;19.05.1993;female
655;12.07.1986;male
656;10.12.1997;male
657;07.11.1996;male
658;04.02.1994;male
659;27.04.1988;female
660;20.06.1986;male
661;16.09.1987;female
662;23.09.1997;female
663;19.02.1990;female
664;05.06.1987;male
665;07.08.1992;female
666;21.01.1996;male
667;12.03.1993;male
668;13.04.1990;male
670;28.03.1997;female
671;04.05.1985;male
672;25.01.1994;female
673;19.08.1986;male
674;25.03.1991;female
675;23.04.1992;female
676;27.12.1994;male
677;20.09.1999;male
678;25.11.1996;female
679;10.10.1990;female
680;22.11.1993;male
681;30.10.1988;male
682;01.11.1996;male
683;17.06.1998;female
684;29.09.1994;male
685;06.08.1991;female
686;18.01.1996;female
687;26.07.1987;female
688;07.12.1994;female
689;05.04.1996;male
690;09.12.1995;male
691;01.03.1994;female
692;22.03.2000;male
693;26.01.1993;female
695;14.03.1994;female
696;03.08.1996;female
697;07.10.1991;male
698;13.09.1992;male
699;13.11.1990;male
700;18.10.1993;female
701;06.03.1993;male
702;06.06.1993;female
703;30.04.1996;female
704;08.03.1992;male
705;17.07.1988;female
706;22.07.1997;female
707;31.07.1995;male
708;23.04.1991;female
709;08.01.1994;female
710;24.07.1993;female
711;26.03.1996;female
712;25.11.1991;male
713;14.03.1996;female
714;23.12.1986;female
715;08.08.1985;male
716;28.10.1985;male
717;13.11.1997;female
718;10.10.1992;male
719;12.10.1992;male
720;20.05.1993;male
721;24.09.1996;male
722;11.05.1997;male
724;26.03.1993;female
725;06.03.1994;male
726;NA;male
727;23.08.1992;female
728;28.02.1990;male
729;24.12.1995;male
730;14.06.1992;male
731;21.02.1986;male
732;24.08.1994;female
733;05.08.2001;female
734;28.05.1993;female
735;02.02.1996;female
736;30.08.1994;male
737;12.12.1994;female
738;02.05.1997;female
739;03.11.1996;female
740;05.08.1995;female
741;17.03.2002;male
742;02.05.1998;male
743;20.03.1992;female
744;13.06.1993;male
745;06.03.1989;male
746;01.09.1988;male
747;26.10.1989;male
748;24.02.1991;female
749;22.11.1994;male
750;22.11.1992;male
751;16.03.1995;male
752;30.05.1995;male
753;08.10.1990;female
754;19.08.1996;male
755;02.07.1991;male
756;19.07.1996;male
757;01.10.1990;female
758;02.02.1995;female
759;09.11.1987;male
760;05.11.1991;male
761;23.02.1993;male
762;14.01.1997;female
763;16.09.1996;male
764;23.04.1995;male
765;27.08.1985;female
766;14.03.1992;male
767;25.07.1989;female
768;09.08.1987;male
769;01.10.1993;male
770;21.05.1993;female
771;29.12.1993;male
772;02.03.1991;female
773;16.04.1986;male
774;20.05.1992;male
775;01.11.1991;female
776;05.02.1993;male
777;07.04.1995;male
778;15.01.1993;male
779;29.08.1996;female
780;29.03.1997;female
781;12.06.1999;male
782;16.11.1987;male
783;07.07.1997;female
784;24.03.1995;female
785;25.01.1993;female
786;26.01.1991;male
787;21.02.1994;male
788;02.03.1993;male
789;24.11.1988;male
790;NA;male
791;05.10.1988;female
792;28.12.1994;male
793;15.09.1991;female
794;21.11.1989;female
795;07.01.1995;male
796;16.09.1990;female
797;05.03.1990;male
798;17.04.1992;male
799;19.10.1993;female
800;06.12.1990;female
801;11.08.1989;male
802;04.09.1993;male
803;30.06.1995;female
804;21.01.1992;male
805;08.10.1988;male
806;01.05.1988;female
807;27.03.1998;male
808;19.06.1983;male
809;22.11.1994;male
810;19.09.1985;female
811;13.05.1990;female
812;22.11.1987;male
813;14.10.1991;male
814;29.04.1994;female
815;14.12.1992;male
816;04.11.1993;male
817;17.09.1989;male
818;24.09.1989;female
819;10.08.1988;male
820;20.07.1993;female
821;13.08.1990;male
822;19.12.1990;female
823;03.05.1995;male
824;06.03.1989;male
825;23.08.1996;male
826;26.10.1993;female
827;10.11.1998;female
828;02.05.1994;female
829;25.07.1990;male
830;01.09.1990;male
831;26.10.1995;male
832;15.06.1998;male
833;14.04.1996;male
834;17.10.1991;male
835;28.01.2000;male
836;26.11.1987;male
837;29.07.1986;male
838;06.06.1997;male
839;21.02.1996;male
840;19.06.1989;male
841;26.11.1992;male
842;10.10.1990;female
843;27.01.1990;male
844;06.04.1990;female
845;13.01.2003;male
846;08.10.1987;male
847;08.02.1997;female
848;15.01.1994;male
849;NA;male
850;11.11.1996;female
851;02.10.1991;male
852;24.04.1995;female
853;14.02.2000;male
854;02.06.1986;male
855;03.02.1993;female
856;29.11.1989;male
857;19.03.1998;male
858;07.10.1988;male
859;06.06.1993;female
860;25.08.1997;female
861;29.06.1992;male
862;05.02.1993;male
863;01.07.1996;female
865;13.01.1991;female
866;25.06.1987;male
867;15.10.1987;male
868;21.12.1992;male
869;25.08.2001;female
870;28.10.1984;male
871;27.05.1990;female
872;08.05.1994;male
873;29.07.1992;female
874;20.11.1996;female
875;23.04.1992;male
876;24.10.1992;female
877;24.12.1990;male
878;11.08.1996;male
879;13.09.1987;female
880;23.10.1990;female
881;19.06.1984;male
882;22.08.1997;female
883;24.07.1992;male
884;22.12.1995;male
885;02.04.2000;male
886;24.05.1999;female
887;09.04.1990;female
888;20.12.1989;male
889;08.08.1991;female
890;22.12.1990;male
891;10.07.1986;male
892;26.07.1988;male
893;30.11.1985;male
894;10.03.1995;female
895;17.10.1989;female
896;01.01.1990;female
897;22.01.1992;male
898;27.10.1999;female
899;14.03.1990;male
900;17.08.1997;female
901;12.07.1986;female
902;25.04.1991;male
903;16.11.1993;female
904;07.09.1994;male
905;08.04.1987;female
906;31.01.2002;male
907;07.02.1989;male
908;18.12.1991;male
909;19.12.1997;female
910;20.02.1997;male
911;21.02.1989;male
912;11.05.1992;male
913;22.03.1991;female
914;17.11.1996;male
915;01.06.1987;male
916;26.08.1995;female
917;30.01.1996;female
918;16.09.1994;female
919;02.04.1989;male
920;17.10.1989;female
921;23.08.1990;male
922;02.05.1995;male
923;23.01.1990;male
924;13.12.1996;male
925;06.07.1985;male
926;09.07.1987;male
927;27.09.1984;male
928;24.08.1989;male
929;14.08.1996;female
930;21.12.1992;female
931;22.01.1997;male
932;07.04.1995;male
933;30.09.1987;male
934;02.12.1994;male
935;28.07.1989;female
936;29.06.1989;female
937;29.08.1991;male
938;19.07.1995;male
939;04.12.1990;female
940;28.03.1987;male
941;14.09.1988;female
942;07.02.1986;female
943;13.12.1998;male
944;16.07.1997;female
945;06.09.1998;male
946;15.02.2005;male
947;26.05.1989;male
948;22.08.1990;male
949;09.11.1991;female
950;15.03.1989;male
951;18.02.1987;female
952;14.02.1985;female
953;16.04.1997;female
954;07.07.1985;male
955;28.11.2000;male
956;11.08.1994;male
957;18.05.1984;male
958;20.08.1987;male
959;27.11.1997;male
960;09.05.1987;female
961;05.11.1992;male
962;05.05.1996;male
963;01.02.2000;female
964;09.10.1996;female
965;18.01.1985;female
966;19.08.1994;female
967;22.07.1989;male
968;24.10.1995;female
969;13.10.1988;female
970;21.07.1992;female
971;29.03.1989;female
972;02.03.1993;male
973;11.01.1989;male
974;12.08.1990;female
975;02.04.1991;female
976;21.03.1988;male
977;09.09.1991;male
978;28.09.1991;female
979;07.12.1998;male
980;30.06.1993;male
981;29.10.1989;male
982;20.06.1993;male
984;15.05.1993;male
985;27.06.1995;female
986;11.02.1992;male
987;22.05.1995;female
988;26.10.1995;male
989;05.08.1990;male
990;12.08.1994;female
992;22.03.1989;female
993;26.07.1995;male
994;26.03.1989;female
995;01.05.1990;female
996;10.07.1993;male
997;24.10.1996;female
998;20.03.1990;female
999;04.06.1991;female
1000;12.12.1993;male
1001;22.07.1995;female
1002;19.05.1994;male
1003;23.09.1989;male
1004;23.12.1988;female
1005;23.05.1994;female
1006;13.02.1990;female
1007;26.08.1990;female
1008;07.07.1987;male
1009;19.02.1997;male
1010;21.07.1998;male
1012;17.02.1989;female
1013;31.12.1982;male
1014;30.10.1990;male
1015;05.05.1986;male
1016;NA;female
1018;17.09.1994;male
1022;22.12.1994;male
1023;05.05.1986;male
1024;21.04.1996;male
1025;30.12.1990;female
1026;08.11.1984;female
1027;01.06.1991;female
1028;12.02.1990;male
1029;29.01.1996;female
1031;19.01.1990;female
1032;19.12.1995;female
1033;10.04.1988;male
1034;08.12.1991;female
1035;12.09.1997;male
1036;21.04.1991;female
1037;15.04.1990;female
1038;23.11.1991;male
1039;13.02.1996;male
1040;02.03.1993;female
1041;02.12.1994;male
1042;09.01.1991;female
1043;07.01.1994;male
1044;28.04.1998;female
1047;31.08.1993;male
1048;11.09.1995;male
1049;08.04.1994;female
1050;24.06.1992;female
1051;10.08.2002;male
1052;25.09.1985;female
1053;10.05.1999;male
1054;24.12.1988;male
1055;11.12.1992;female
1057;15.10.1987;male
1058;25.04.1994;male
1059;07.08.1992;male
1060;03.12.1988;female
1061;15.02.1993;male
1063;28.01.1998;female
1064;22.10.1992;female
1065;20.07.1996;male
1066;12.02.1998;female
1067;12.06.1994;male
1069;23.11.1994;male
1070;16.12.1990;female
1071;07.02.1989;male
1073;16.05.1992;male
1075;04.03.1994;male
1076;02.07.1995;female
1077;10.02.1984;female
1078;18.05.1992;female
1081;30.04.1990;female
1082;25.08.1989;female
1083;31.03.2001;male
1084;07.08.1987;female
1085;27.01.1994;female
1086;06.12.1988;female
1087;10.04.1988;male
1088;19.07.1994;male
1089;25.05.1984;female
1090;10.03.1991;male
1091;19.04.1988;female
1093;09.07.1995;male
1094;20.01.1996;male
1095;12.09.1992;male
1096;23.12.1985;male
1097;01.03.1997;female
1098;05.02.1993;male
1099;12.03.1990;male
1100;10.12.1986;female
1101;13.10.1990;male
1102;20.08.1987;female
1103;23.03.1995;female
1104;03.07.1999;female
1105;19.11.1990;female
1106;31.03.1995;female
1108;27.01.1997;male
1109;21.08.1988;male
1110;19.05.1994;female
1111;27.07.1991;male
1112;09.08.1999;male
1113;02.07.1993;female
1114;12.06.2002;male
1117;21.01.1989;male
1118;31.08.1999;male
1119;06.11.1989;male
1120;25.12.1989;female
1121;04.06.1996;female
1125;28.10.1998;female
1127;21.07.1993;male
1129;09.09.1992;female
1130;13.07.1997;male
1131;12.06.1996;female
1132;01.07.1994;male
1133;15.10.2001;male
1134;05.07.1986;male
1135;21.07.1989;male
1136;21.07.1990;male
1137;19.11.1995;male
1138;09.09.2000;male
1140;29.07.1992;female
1141;22.02.1991;male
1142;07.09.1990;male
1143;13.06.1985;female
1144;27.03.1993;male
1145;15.07.1989;female
1146;07.01.1993;male
1147;04.06.1992;male
1149;23.11.1985;male
1150;05.10.1992;female
1151;02.05.1988;male
1152;25.12.1994;male
1153;24.02.1995;male
1154;08.12.1987;male
1155;10.07.1984;female
1157;26.03.1987;male
1160;05.10.1991;female
1161;29.10.1989;male
1162;15.12.1994;male
1163;18.09.1997;male
1164;04.09.1993;male
1166;05.08.1992;female
1167;08.06.1990;male
1169;13.12.1991;male
1170;15.07.1990;female
1171;29.06.1994;male
1172;12.12.1987;male
1174;05.08.1993;female
1176;31.10.1998;female
1177;16.01.1996;male
1178;25.11.1993;female
1179;07.11.1993;female
1182;13.06.1990;female
1183;08.04.1996;female
1184;09.10.1989;female
1185;06.11.1990;female
1186;12.07.1986;male
1187;05.08.1985;male
1188;10.08.1992;male
1189;26.02.2000;female
1191;22.08.2000;male
1192;19.12.1993;male
1193;26.06.1994;male
1194;28.11.1991;male
1195;05.06.1991;male
1198;11.11.1982;male
1199;05.08.1991;female
1203;01.08.1993;male
1204;19.06.1991;female
1205;28.10.1990;male
1206;28.12.1995;male
1208;04.08.1992;female
1209;04.06.1996;male
1210;25.12.1990;female
1212;03.05.1991;male
1213;20.09.2001;female
1214;31.07.1987;male
1215;07.02.1989;male
1216;27.08.1994;female
1219;21.04.1999;female
1221;18.03.1994;female
1222;01.07.1996;female
1223;06.05.1995;female
1225;03.09.1993;male
1226;21.12.1996;female
1227;19.03.1991;male
1228;30.11.1985;female
1229;13.01.1993;male
1230;16.11.1989;male
1232;11.06.1986;female
1233;17.12.1993;female
1234;22.12.1998;female
1235;07.09.1992;female
1236;18.09.1993;female
1238;19.11.1995;female
1239;31.01.1981;male
1241;26.06.1999;male
1242;28.05.1986;male
1244;06.11.2001;male
1246;30.07.1994;female
1248;29.01.1999;female
1252;25.01.1989;female
1256;12.07.1987;male
1257;02.09.1990;male
1259;20.03.1997;male
1264;08.02.1996;male
1266;10.05.1995;female
1268;05.08.1998;female
1269;20.04.1993;male
1270;27.07.1999;female
1271;26.10.1986;female
1272;27.06.1996;male
1273;24.02.1991;male
1277;11.09.1987;male
1280;06.08.1986;male
1282;15.10.1995;female
1284;06.01.1994;female
1285;13.04.1985;female
1286;05.04.1990;female
1288;24.02.1997;male
1289;11.10.1995;male
1292;21.08.1983;female
1295;28.06.1994;male
1297;03.12.1992;male
1299;08.07.1996;female
1301;18.03.1993;female
1302;11.12.1997;male
1303;16.08.1996;male
1305;01.07.2000;male
1307;07.04.1993;male
1308;10.05.1990;female
1310;04.01.1989;male
1312;17.05.1995;male
1313;18.04.1993;male
1314;25.04.1987;female
1315;04.05.1989;female
1316;02.10.1986;female
1317;10.11.1998;female
1319;22.10.1985;male
1320;22.03.1999;female
1321;27.12.1991;male
1322;02.10.1990;male
1323;27.06.1992;male
1324;11.05.1989;female
1326;09.06.1993;male
1327;26.04.1996;female
1329;06.08.1992;female
1330;25.09.1988;female
1331;27.09.1987;female
1332;17.10.1988;female
1333;16.10.1990;female
1335;15.09.1994;male
1336;03.03.1996;female
1338;25.03.1995;male
1339;31.08.1997;male
1341;12.02.1987;male
1342;25.09.1990;male
1345;31.07.1993;female
1347;10.11.1993;male
1348;20.02.2002;female
1349;20.11.1992;male
1350;06.08.1986;male
1351;19.10.1991;female
1352;10.03.1987;male
1353;08.11.1988;male
1354;09.04.2003;male
1355;27.04.1995;female
1356;16.06.1992;male
1358;09.12.1991;female
1359;01.04.1994;male
1360;18.11.1989;female
1361;12.10.1989;male
1363;23.11.1995;female
1365;17.09.1985;male
1367;19.06.1987;male
1368;03.02.1993;female
1369;04.11.1989;male
1370;08.10.2000;male
1371;09.10.1989;male
1372;21.03.1996;male
1373;27.10.1994;male
1374;24.03.1995;female
1376;18.07.1998;male
1377;09.05.1997;female
1379;30.10.1993;female
1380;28.06.1992;male
1381;29.06.1989;male
1382;06.11.1988;male
1384;27.11.1984;male
1386;04.03.1998;male
1387;11.09.1991;male
1388;30.10.1994;male
1389;06.02.1989;female
1391;02.12.1994;male
1393;05.05.1993;male
1394;11.04.1995;female
1395;20.06.1997;female
1396;28.09.1995;female
1397;09.07.1993;male
1398;17.05.1990;male
1399;26.10.1990;male
1400;03.05.1995;male
1401;02.07.1991;female
1402;26.03.1996;male
1403;01.06.1994;male
1404;15.06.1999;female
1405;28.07.1996;male
1406;04.04.1993;male
1407;08.04.1992;female
1408;19.10.1993;male
1409;21.01.1994;female
1410;05.07.1993;male
1411;18.12.1991;male
1412;10.05.1993;male
1413;11.08.1998;male
1414;08.03.1992;female
1415;16.05.1993;male
1416;28.03.1992;female
1417;31.03.1991;male
1418;26.03.1997;male
1419;25.07.1992;male
1420;27.07.1987;male
1421;10.09.1993;female
1422;05.05.1990;female
1423;08.08.1996;male
1424;15.06.1992;female
1425;13.12.1995;female
1426;11.10.1992;male
1427;04.09.1990;male
1428;16.02.1990;male
1429;08.07.1988;female
1430;10.03.1987;female
1431;03.09.1991;male
1432;29.06.1994;female
1433;26.07.1994;female
1435;27.02.1990;male
1436;18.08.1986;male
1437;13.11.1994;male
1438;31.08.1997;female
1439;17.11.1994;female
1440;16.03.1989;male
1441;23.05.1987;female
1442;22.03.1987;female
1443;18.07.1978;male
1444;24.06.1994;male
1445;16.07.1986;male
1447;08.01.1989;male
1448;06.01.1990;male
1449;10.10.1994;female
1451;22.09.1988;female
1452;27.05.1991;female
1453;20.02.1997;male
1454;28.10.1984;male
1455;27.12.1996;female
1456;02.06.1995;male
1457;19.12.1994;female
1458;06.04.1998;female
1459;25.10.1992;male
1460;24.06.1986;female
1461;07.08.1996;female
1462;NA;female
1463;05.02.1994;female
1464;27.05.1987;female
1465;08.01.1994;male
1466;07.04.1994;male
1467;16.07.1990;female
1468;19.12.1994;male
1469;15.06.1995;male
1470;01.09.1992;male
1471;30.04.1994;female
1472;10.03.1995;male
1473;24.06.1993;female
1474;14.01.1991;male
1475;07.02.1990;male
1476;09.03.1994;female
1477;22.02.2000;male
1478;07.09.1994;female
1479;02.10.1998;male
1480;21.07.1998;male
1481;16.11.1991;male
1482;10.03.1992;male
1483;12.03.1989;male
1484;15.06.1993;female
1485;29.11.1995;male
1486;18.02.1984;female
1488;05.05.1994;female
1489;07.05.1995;male
1490;08.05.1994;female
1491;04.07.1993;male
1492;22.07.1995;female
1493;29.04.1988;female
1494;16.04.1992;male
1495;18.11.2001;female
1496;05.09.1994;male
1497;05.09.1989;male
1498;20.04.1990;female
1499;29.04.1996;male
1500;14.09.1992;female
1501;22.12.1988;male
1502;18.03.1994;male
1503;04.07.1989;male
1504;10.11.1995;female
1505;31.01.1994;female
1506;26.05.1992;male
1509;17.12.1988;male
1510;10.03.1994;male
1511;03.09.1983;male
1512;19.11.1986;male
1513;19.08.1993;male
1514;09.06.1993;male
1516;03.09.1990;female
1517;30.08.1987;male
1518;29.02.1988;male
1519;12.04.1994;male
1520;20.06.1992;female
1521;23.05.1992;male
1522;17.01.1987;male
1523;23.05.1990;female
1524;20.03.1993;female
1526;02.10.1994;male
1527;18.12.1995;female
1528;26.03.1989;male
1529;05.04.1994;female
1530;15.07.1993;male
1531;18.04.1991;female
1532;05.03.1994;male
1533;27.12.1993;male
1534;06.10.1996;female
1535;23.09.1990;female
1536;22.03.1993;male
1537;06.07.1989;male
1538;21.02.1995;female
1539;08.04.1992;female
1540;10.12.1987;male
1541;17.04.1989;female
1542;14.12.1991;female
1543;27.12.1988;male
1544;20.05.1995;male
1545;02.01.1993;male
1546;14.10.1990;male
1547;17.08.1997;male
1548;16.06.1989;male
1549;16.10.1989;male
1550;12.12.1988;male
1551;28.04.1993;female
1552;05.08.1995;female
1554;17.04.1996;male
1555;23.05.2002;male
1556;19.02.1996;male
1557;18.02.1992;male
1558;02.01.1990;male
1559;19.05.1986;male
1560;15.08.2000;female
1561;14.10.1988;male
1562;24.01.1985;male
1563;23.09.1992;male
1564;19.06.1997;female
1565;12.01.1993;female
1566;25.08.1991;female
1567;08.01.1989;male
1568;09.06.1988;male
1569;23.02.1996;male
1570;05.02.2002;male
1571;25.03.1986;male
1572;20.07.1990;male
1573;09.05.2000;male
1574;19.11.1987;female
1575;10.01.1996;male
1576;22.11.1994;male
1577;14.05.1994;male
1578;19.05.1994;female
1580;05.06.1996;male
1581;27.07.1994;male
1582;NA;female
1583;28.02.1990;male
1584;09.03.1992;male
1585;07.10.1990;male
1586;08.12.1994;female
1588;02.03.1997;male
1589;29.08.1990;male
1590;11.12.1990;male
1591;12.11.1987;male
1592;10.12.2007;female
1593;16.07.1988;male
1594;20.06.1996;female
1595;13.12.1986;male
1596;14.12.1990;female
1597;31.07.1993;male
1598;20.02.1992;male
1599;10.01.1993;female
1600;29.01.1993;male
1601;07.07.1990;female
1602;28.06.1993;female
1603;27.10.1989;female
1604;21.12.1986;male
1605;23.05.1998;male
1606;23.05.1994;male
1607;18.04.1988;male
1608;06.02.1993;female
1609;29.01.1999;female
1610;21.12.1992;female
1611;13.06.1992;female
1612;03.04.1991;male
1613;21.05.1995;female
1614;10.10.1995;female
1615;05.01.1991;female
1616;20.06.1993;female
1617;17.02.1994;male
1618;02.01.1990;male
1619;22.04.1990;male
1620;11.12.1985;female
1621;11.10.1985;female
1622;26.02.1999;female
1623;02.05.1985;female
1624;28.08.1991;female
1625;05.09.1994;female
1626;19.01.1985;male
1627;20.06.1992;male
1628;10.01.1990;male
1629;22.06.1999;female
1631;27.08.1990;male
1632;08.08.1990;male
1633;07.11.1991;male
1634;18.12.2000;male
1635;17.02.1992;female
1636;16.05.1992;male
1637;09.03.1997;male
1638;06.06.2003;female
1639;08.04.1996;female
1640;10.01.1991;male
1641;03.01.1990;female
1642;31.05.1993;male
1643;11.04.1993;male
1644;NA;female
1645;21.05.1995;male
1646;14.06.1997;male
1647;08.02.1994;male
1648;14.11.1985;male
1649;23.04.1994;female
1650;11.11.1989;female
1651;08.11.1994;male
1652;NA;male
1653;26.07.1994;female
1654;29.01.1994;male
1655;26.02.1995;female
1656;09.02.1997;male
1657;05.10.1986;female
1658;31.08.1984;male
1659;12.03.1987;male
1660;21.03.1991;female
1661;29.11.1983;male
1662;28.01.1984;male
1663;13.02.2001;female
1664;16.12.1987;male
1665;30.01.1994;male
1666;16.05.1992;male
1667;11.04.1992;female
1668;31.12.1988;female
1669;24.06.1993;female
1670;21.07.1989;female
1671;16.08.1990;male
1672;01.06.1989;male
1673;13.08.1992;male
1674;25.12.1990;male
1675;29.12.1987;male
1676;06.04.1996;female
1677;22.06.1988;female
1678;01.05.1994;female
1679;09.01.1989;male
1680;03.10.1990;male
1681;10.09.1989;male
1682;06.05.1988;male
1683;27.12.1986;female
1684;25.03.1991;female
1685;07.11.1990;male
1686;06.05.1991;male
1687;14.03.1995;male
1688;22.11.1992;male
1689;01.07.1993;male
1690;12.05.1998;male
1691;22.02.1990;male
1692;27.04.1993;female
1693;26.06.1996;male
1694;30.12.1990;female
1695;20.04.1990;male
1696;26.02.2003;male
1697;28.01.1987;male
1698;25.01.1994;male
1699;02.11.1993;female
1700;NA;female
1701;08.05.1994;male
1702;29.03.1994;female
1703;22.04.1997;male
1704;04.01.1993;male
1705;18.09.1995;male
1706;17.05.1990;female
1707;09.03.1989;male
1708;22.12.1989;female
1709;03.01.2002;female
1710;27.03.1990;female
1711;03.04.1996;female
1712;09.07.1993;male
1713;17.04.1992;female
1714;08.09.1998;male
1715;27.11.1991;male
1716;14.12.1994;male
1717;28.04.1988;male
1718;05.11.1991;female
1719;06.04.1998;female
1720;18.01.1989;female
1721;09.11.1991;male
1722;05.01.2000;male
1723;15.07.1995;male
1724;30.09.1992;male
1725;03.04.2001;female
1726;02.07.1993;female
1727;09.11.1995;male
1728;29.01.1996;female
1729;30.07.1992;male
1730;31.10.2002;male
1731;08.08.1990;female
1732;27.08.1994;female
1733;16.11.1996;male
1734;05.10.1996;male
1735;17.12.1995;male
1736;19.10.1995;male
1737;14.03.1993;male
1738;08.09.1992;male
1739;30.03.2000;female
1740;28.04.1987;male
1741;13.09.2005;female
1742;28.11.1993;male
1743;01.03.1993;male
1744;25.03.1988;male
1746;27.04.1999;male
1747;28.01.1994;female
1748;28.07.1990;male
1749;22.02.1997;female
1750;10.01.1994;female
1751;29.07.1986;male
1752;12.10.1983;male
1753;20.04.1991;male
1754;09.03.1993;male
1755;10.08.1990;female
1756;NA;female
1757;15.06.1993;male
1758;26.04.1990;male
1759;23.04.1981;female
1760;26.01.1993;female
1761;30.04.1991;female
1762;04.04.1993;male
1763;21.07.1990;male
1764;08.03.1992;female
1765;29.11.1987;male
1766;01.04.1999;male
1767;25.01.1997;male
1768;21.05.1994;male
1769;27.09.1987;female
1770;18.01.1992;male
1771;28.06.1991;female
1772;16.03.1995;female
1773;29.09.1992;male
1774;28.03.1989;female
1775;22.11.1993;male
1776;05.07.1992;male
1777;23.08.1990;female
1778;09.01.1996;male
1779;22.11.1996;female
1780;13.03.1996;male
1782;05.06.1995;male
1783;25.05.1988;male
1784;23.08.1990;male
1785;17.02.1987;male
1786;30.07.1983;male
1787;24.06.1990;female
1788;23.08.1989;male
1789;30.07.1991;male
1790;21.02.1999;male
1791;08.08.1987;male
1792;29.08.1988;male
1793;26.11.1983;female
1794;21.08.2001;male
1795;31.12.1987;female
1796;14.09.1986;male
1797;16.06.1995;male
1798;06.11.1997;male
1799;30.08.1984;male
1800;31.03.1991;male
1801;02.08.1988;female
1802;11.01.1997;male
1803;11.04.1983;female
1804;26.04.1997;male
1805;01.03.1995;female
1806;30.04.1991;female
1807;23.11.1994;female
1808;20.09.1992;male
1809;04.03.1991;male
1810;NA;male
1811;23.09.1999;female
1812;23.06.1991;male
1813;30.05.1988;male
1814;03.03.1991;male
1815;31.07.1992;male
1816;01.06.1995;male
1817;04.08.1997;male
1818;17.11.1999;male
1819;08.05.1988;male
1820;29.03.1996;male
1821;12.01.1994;female
1822;03.11.1993;female
1823;12.08.1986;female
1824;07.12.1988;female
1825;11.11.1997;female
1826;16.02.1990;female
1827;17.08.1990;male
1828;01.03.1984;female
1829;18.02.1997;female
1830;11.01.1988;female
1831;07.02.1994;female
1832;03.04.1987;female
1833;22.10.1992;male
1834;30.12.1995;male
1835;18.03.1990;male
1836;22.08.1999;female
1837;27.12.1997;male
1838;16.02.1995;male
1839;01.09.1995;female
1840;09.02.1997;female
1841;22.09.1995;female
1842;25.07.1995;male
1843;29.03.1997;female
1844;03.04.1999;female
1845;07.02.1994;female
1846;14.02.1995;male
1847;26.02.1996;male
1848;18.03.1991;female
1849;30.10.1992;female
1850;16.02.1994;male
1851;01.11.1998;male
1852;20.12.1997;male
1853;24.11.1992;male
1854;18.03.1991;male
1855;24.10.1995;male
1856;22.08.1989;female
1857;05.06.1989;male
1858;22.05.1996;female
1859;30.09.1986;female
1860;28.12.1993;male
1861;19.07.1996;female
1862;10.04.1989;male
1863;28.04.1996;male
1864;12.09.1994;female
1865;08.03.1994;female
1866;14.02.1992;male
1867;08.01.1997;male
1868;08.08.1991;male
1869;26.07.1984;male
1870;07.09.1986;female
1871;31.08.1985;male
1872;29.12.1982;male
1873;02.12.1989;female
1874;22.12.1986;female
1875;20.10.1989;male
1876;03.03.1987;male
1877;14.10.1995;female
1878;16.09.1991;male
1879;22.05.1993;male
1880;24.02.1986;male
1881;26.07.1988;male
1882;04.12.1988;male
1883;18.09.1990;female
1884;21.04.1995;female
1885;01.08.2006;female
1886;17.01.1987;male
1887;29.08.1987;male
1888;19.05.1995;male
1889;16.01.1987;male
1890;10.10.1988;male
1891;19.03.1983;female
1892;16.12.1994;male
1893;04.01.2001;male
1894;04.01.1988;female
1895;15.06.1990;male
1896;16.10.1986;male
1897;03.07.1992;female
1898;30.04.1993;male
1899;24.07.1988;male
1900;30.01.1998;female
1901;05.12.1991;male
1902;14.09.1990;female
1903;15.12.1991;female
1904;29.02.1992;female
1905;04.08.1991;male
1906;22.12.1989;male
1907;23.12.2002;female
1908;03.07.1988;male
1909;19.04.1993;female
1910;25.02.1987;female
1911;06.04.1993;male
1912;09.09.1987;male
1913;14.08.1992;female
1914;18.09.1999;female
1915;01.02.1984;male
1916;30.10.2000;male
1917;01.08.1995;male
1918;23.01.1994;female
1919;09.09.1989;female
1920;10.04.1994;male
1921;05.10.1994;male
1922;12.04.1992;male
1923;22.06.1996;male
1924;14.03.1996;male
1925;25.03.1991;male
1926;02.01.1995;female
1927;25.05.1992;male
1928;21.05.1993;female
1929;27.07.1989;female
1930;19.02.1996;male
1931;03.11.1995;female
1932;07.09.1991;male
1933;27.04.1996;male
1934;14.10.1998;male
1935;15.07.1988;female
1936;16.06.1992;male
1937;12.02.2001;female
1938;03.04.1993;male
1939;03.09.1997;male
1940;23.07.1994;male
1941;19.11.1990;male
1942;23.10.1995;male
1943;05.02.1991;male
1944;01.12.1985;male
1945;03.12.1993;female
1946;27.06.1989;female
1947;24.12.1986;male
1948;23.01.1988;female
1949;21.12.1996;female
1950;23.05.1994;female
1951;19.01.1998;female
1952;25.10.1996;male
1953;26.09.1991;male
1954;25.10.1998;female
1955;19.04.1992;male
1956;19.07.1993;male
1957;22.03.1997;male
1958;11.05.1998;female
1959;06.10.1990;female
1960;10.10.1991;male
1961;23.02.1991;male
1962;21.12.1990;male
1963;26.09.1994;male
1964;23.06.1989;male
1965;18.05.1994;male
1966;22.11.1991;male
1967;18.02.1992;male
1968;14.02.1985;male
1969;24.10.2000;female
1970;22.06.1992;male
1971;25.12.1998;male
1972;20.05.1985;female
1973;29.08.1986;male
1974;27.06.1992;male
1975;22.06.1996;male
1976;24.04.1989;male
1977;06.03.1995;female
1978;19.06.1995;female
1979;24.04.1987;male
1980;08.10.2003;female
1981;21.02.1989;male
1982;30.11.1993;male
1983;03.11.1987;female
1984;24.04.1998;female
1985;23.11.1987;female
1986;21.06.2000;female
1987;14.07.1993;male
1988;13.01.1985;male
1989;02.08.1991;female
1990;20.08.1984;male
1991;25.08.1990;male
1992;24.06.1987;female
1993;25.04.2002;female
1994;25.10.1995;male
1995;04.12.1987;male
1996;11.09.1986;female
1997;05.01.1991;female
1998;05.03.1986;female
1999;14.11.1986;female
2000;16.08.1993;male
2001;21.02.1985;male
2002;16.08.1994;male
2003;07.03.2001;female
2004;26.03.1991;male
2005;01.03.1987;male
2006;19.05.1992;male
2007;29.12.1992;male
2008;27.04.1989;male
2009;16.05.1997;male
2010;22.02.1991;male
2011;26.05.1985;female
2012;05.11.1989;female
2013;03.11.1998;male
2015;23.04.1994;female
2016;16.07.1992;male
2017;04.11.1986;female
2018;22.02.1997;male
2019;16.12.1999;male
2020;18.12.1988;female
2021;16.09.1991;female
2022;12.09.1984;female
2023;07.06.1992;female
2024;23.05.2001;male
2025;27.06.1988;male
2026;22.10.1991;female
2027;28.12.1993;male
2029;10.09.1991;male
2030;03.01.1993;female
2031;10.03.1992;male
2032;09.08.1986;male
2033;08.10.1992;female
2034;03.08.1984;female
2035;06.02.1998;female
2036;21.03.1989;male
2037;22.10.1990;female
2038;03.11.1996;female
2039;23.04.1991;female
2040;30.06.1994;male
2041;05.04.1996;male
2042;16.02.1995;male
2043;08.12.1992;female
2044;08.01.1994;male
2045;19.09.1987;female
2046;17.08.1992;female
2047;29.07.1991;female
2048;15.06.1989;male
2049;24.01.1991;male
2050;10.06.1994;female
2051;01.01.1985;male
2052;08.02.1994;male
2053;25.07.1987;female
2054;27.05.1987;male
2055;03.01.1992;male
2056;11.01.1986;female
2057;02.10.1988;male
2058;19.09.2002;male
2059;15.06.1988;female
2060;13.05.1989;female
2061;09.05.1992;male
2062;24.11.1993;male
2063;05.01.1987;female
2064;24.02.1991;male
2065;13.04.1995;female
2066;02.01.1993;male
2067;29.10.1990;male
2068;28.02.1987;male
2069;21.05.1987;female
2070;25.07.1988;female
2071;20.08.1989;female
2072;18.05.1988;male
2073;13.12.1998;male
2074;19.08.1995;male
2075;28.09.1990;male
2076;26.03.1996;male
2077;28.10.1997;male
2078;26.10.1995;male
2079;28.04.2000;female
2080;01.04.1988;female
2081;07.07.1998;female
2082;25.09.1994;male
2083;12.05.1994;female
2084;16.09.1996;female
2085;26.10.1987;male
2086;03.12.1994;male
2087;29.03.1988;female
2088;17.07.1996;female
2089;19.04.1995;female
2090;29.03.1995;male
2091;NA;female
2092;19.09.1995;female
2093;07.01.1997;male
2094;29.04.1992;female
2095;12.09.1990;male
2096;02.02.1995;male
2097;29.06.1993;female
2098;15.03.1994;male
2099;09.06.1989;female
2100;22.02.1995;female
2101;03.10.1997;female
2102;27.08.1990;male
2103;21.04.1999;male
2104;18.10.1991;female
2105;20.12.1997;female
2107;27.01.1990;male
2108;31.07.1997;female
2109;20.10.1997;male
2110;18.02.1989;male
2111;17.04.1992;female
2112;05.07.1985;female
2113;08.06.1990;female
2114;14.08.1992;male
2115;02.01.1988;male
2116;20.01.1997;male
2117;22.03.1991;male
2118;08.05.1990;female
2119;02.02.1994;male
2120;20.09.1987;male
2122;27.08.1993;male
2123;02.10.1994;male
2124;30.04.1995;male
2125;29.09.1989;female
2126;09.04.1992;female
2128;NA;female
2129;19.09.1997;female
2130;02.09.1996;male
2131;14.05.1990;male
2132;10.08.1991;female
2133;17.03.1989;female
2134;28.02.1997;female
2135;23.07.1994;male
2136;20.07.1988;male
2137;22.03.1993;male
2138;29.09.1990;male
2139;01.10.1993;male
2140;08.09.1994;male
2141;NA;male
2142;26.12.1990;female
2143;13.06.1994;female
2144;03.08.1992;female
2145;10.05.1995;female
2146;08.04.1999;female
2147;07.01.1990;female
2148;16.08.1994;male
2149;04.09.1992;male
2150;07.05.1990;male
2151;29.03.1996;female
2152;25.01.1998;female
2153;15.05.1993;male
2154;08.01.1985;male
2155;25.01.1993;male
2156;06.08.1992;male
2157;08.10.1991;male
2158;28.06.1993;male
2159;04.06.1997;male
2160;01.05.1994;male
2161;03.07.1995;female
2162;28.10.2005;male
2163;21.09.1992;male
2164;28.04.1993;male
2165;19.10.2000;female
2166;09.10.1991;male
2167;16.09.1986;female
2168;12.07.1988;male
2169;16.06.1992;male
2170;03.06.1997;male
2171;04.12.1992;male
2172;20.07.1990;male
2174;20.02.1994;male
2175;06.04.1993;male
2176;07.10.1995;female
2177;24.12.1990;male
2178;10.09.1995;female
2179;28.01.1994;male
2180;03.12.1987;male
2181;07.12.1988;female
2182;21.06.1987;male
2183;11.10.1993;male
2184;16.04.1995;male
2185;04.12.1990;female
2186;16.12.1989;male
2187;26.11.1994;male
2188;20.12.2002;male
2189;23.12.1996;male
2190;22.07.1992;female
2191;30.05.1987;female
2192;26.01.1993;female
2193;08.05.1993;female
2194;19.04.2002;male
2195;21.03.1995;male
2196;11.04.1994;female
2197;10.05.1991;male
2198;05.08.1998;male
2199;08.07.1990;male
2200;05.06.1981;female
2201;11.11.1994;female
2202;22.02.1989;male
2203;11.07.1992;male
2204;20.11.1992;male
2205;06.01.1994;female
2206;15.07.1991;female
2207;06.01.1993;female
2208;20.05.1991;female
2209;31.08.1990;male
2210;25.03.1992;female
2211;13.10.1994;female
2212;NA;male
2213;10.09.1993;male
2214;14.09.1996;male
2215;09.02.1993;male
2216;28.12.1994;female
2218;19.01.1999;female
2219;02.06.1986;male
2220;30.09.1993;female
2221;06.10.1996;female
2222;13.01.1989;female
2223;13.07.1993;male
2224;06.09.1996;female
2225;29.11.1989;male
2226;20.03.1987;male
2227;15.02.1995;male
2228;23.04.2003;male
2229;20.08.1987;female
2230;24.05.1990;female
2231;11.07.1990;female
2232;30.09.1991;male
2233;NA;male
2234;20.09.1988;male
2235;07.02.1996;female
2236;27.06.1995;female
2237;07.08.1995;female
2238;24.07.1991;male
2239;NA;male
2240;03.12.1989;male
2241;30.06.1989;male
2242;26.11.1994;male
2243;20.07.1987;male
2244;31.05.1995;male
2245;15.07.1996;female
2246;25.03.1986;female
2247;19.01.1999;male
2248;24.03.1995;male
2249;28.10.1991;male
2250;10.03.1995;male
2251;27.11.1989;female
2252;07.03.1994;male
2253;22.02.1992;female
2254;08.05.1997;female
2255;28.06.1990;female
2256;23.02.1996;male
2257;27.11.1995;male
2258;16.12.1988;male
2259;30.05.1989;female
2260;26.02.1992;female
2261;03.07.1992;male
2262;04.01.1992;male
2263;22.07.1993;male
2264;25.12.1993;male
2265;15.10.1995;male
2266;02.12.1988;male
2267;25.04.1993;female
2268;24.11.1989;male
2269;02.02.1997;female
2270;11.08.1985;female
2271;03.02.1999;male
2272;27.03.1992;male
2273;18.01.1995;male
2274;12.04.1994;male
2275;05.11.1982;female
2276;29.10.1988;male
2277;04.09.1984;male
2278;05.10.1995;male
2279;14.12.1992;male
2280;22.04.1993;female
2281;11.08.1998;male
2282;06.05.1994;male
2283;06.04.1983;female
2284;22.03.1996;male
2285;14.12.2002;male
2286;13.10.1996;male
2287;13.12.1988;male
2288;07.03.1989;male
2289;09.04.2000;male
2290;21.09.1989;female
2291;16.12.1992;female
2292;24.04.1985;male
2293;04.07.1987;female
2294;26.05.1994;female
2295;20.02.1994;male
2296;05.02.2002;male
2297;17.10.1990;female
2298;10.02.1996;male
2299;20.06.1994;male
2301;21.07.1992;male
2302;01.08.1990;female
2303;22.08.1993;female
2304;26.03.1993;female
2305;19.12.1987;male
2306;10.09.1989;female
2307;24.04.1996;female
2308;17.01.2002;male
2309;03.01.1990;female
2310;03.10.1994;male
2311;15.09.1992;male
2312;13.10.1992;female
2313;11.03.1990;male
2314;07.12.1990;male
2315;05.12.1988;male
2316;23.02.1991;male
2317;11.08.1997;male
2318;05.04.1996;female
2319;27.11.1990;female
2320;08.09.1993;female
2321;02.03.1994;female
2322;31.03.2002;male
2323;11.10.1994;female
2324;17.02.1987;male
2325;29.03.1989;male
2326;01.05.1986;female
2327;23.04.1991;male
2328;30.11.1994;male
2329;27.07.1984;female
2330;21.01.1997;male
2331;12.08.1991;female
2332;02.03.1986;male
2333;01.02.1989;male
2334;23.09.1985;male
2335;20.12.1987;male
2336;01.05.1986;female
2337;05.02.1991;male
2338;25.01.1987;female
2339;29.04.1996;male
2340;31.07.1992;female
2341;03.11.1996;male
2342;13.11.1993;female
2343;10.03.1988;female
2344;31.01.1990;female
2345;16.09.1994;male
2346;04.04.1994;male
2347;28.06.1989;female
2348;14.04.1991;male
2349;07.07.1993;male
2350;14.07.1990;male
2351;24.03.1998;male
2352;21.04.1990;male
2353;28.05.1992;male
2355;04.03.1992;male
2356;24.08.1990;male
2357;26.08.1991;male
2358;26.07.1996;male
2359;08.01.1994;male
2360;12.01.1992;female
2361;22.03.1990;male
2362;02.12.1991;female
2363;28.11.1992;male
2364;06.12.1997;male
2365;02.10.1994;male
2366;13.05.1989;male
2367;17.03.1997;male
2368;08.03.1995;male
2369;13.01.1988;male
2370;30.09.1992;male
2371;19.05.1993;male
2372;20.04.1989;male
2373;13.11.1992;male
2374;14.06.1992;male
2375;16.10.1988;male
2376;14.10.1997;female
2377;29.10.1988;female
2379;19.07.1986;male
2382;05.10.1992;female
2383;04.06.1990;male
2384;06.03.1983;female
2385;31.03.1989;female
2386;22.09.2002;male
2388;14.12.1996;male
2389;27.01.1997;male
2390;16.07.1990;male
2391;04.04.1991;female
2393;11.05.1990;male
2394;08.04.1992;male
2395;07.10.1988;male
2397;26.01.1997;male
2399;01.02.1995;female
2400;26.12.1989;male
2401;22.02.1989;female
2402;12.03.1989;male
2403;27.01.1991;female
2404;13.08.1996;male
2405;09.02.1991;male
2406;13.10.1999;male
2407;18.04.1993;female
2408;15.04.1997;female
2409;10.03.1999;female
2410;05.11.1990;male
2411;16.07.1985;female
2412;06.07.1983;female
2414;08.12.1986;female
2415;01.09.1995;female
2416;15.10.1992;male
2417;11.07.1991;male
2419;06.02.1988;male
2420;29.08.1995;female
2421;06.06.1985;male
2422;17.06.1998;female
2423;05.02.1998;male
2425;02.02.1994;female
2427;06.05.1984;male
2430;16.06.1986;male
2431;27.02.1994;female
2432;14.12.1979;male
2433;27.08.1994;female
2434;04.06.1995;female
2436;16.04.1991;female
2437;18.10.1994;male
2440;20.08.1997;female
2445;08.04.1993;male
2447;10.09.1991;male
2448;12.02.1995;male
2449;21.12.1994;male
2450;16.08.1995;male
2451;29.02.1992;female
2453;15.01.1990;female
2454;22.12.1994;female
2455;16.06.1991;female
2456;30.10.1999;male
2457;16.11.1994;male
2459;20.12.1996;female
2460;07.01.1990;female
2461;11.12.1996;female
2462;10.03.1998;male
2463;27.02.1995;male
2464;07.05.1995;male
2465;10.10.1995;male
2466;07.09.1997;female
2467;29.07.1994;female
2469;16.05.1999;female
2470;25.08.1987;female
2471;08.05.1985;female
2473;17.01.1990;male
2474;03.02.1998;male
2475;03.05.1991;male
2476;13.07.2003;male
2477;04.04.1992;female
2479;26.12.1988;female
2480;05.07.1992;male
2481;10.10.1988;male
2482;01.04.1999;female
2484;09.05.1990;male
2485;24.10.1994;male
2488;10.04.1990;male
2489;02.04.2002;male
2490;20.07.1997;male
2492;30.05.1991;female
2493;12.11.1990;female
2494;12.12.1992;female
2496;22.02.1990;female
2497;03.11.1997;male
2498;11.12.1988;male
2499;03.09.1985;male
2500;03.01.1997;male
2501;29.07.1996;male
2502;22.02.1992;male
2505;13.05.1993;female
2506;31.10.1987;male
2508;22.08.1990;female
2512;06.07.1989;male
2513;26.08.1999;male
2514;25.03.1994;male
2515;16.03.1993;male
2517;28.10.1988;male
2519;17.05.1988;male
2520;05.08.1994;male
2521;06.12.1984;male
2522;21.07.1992;female
2523;30.11.1989;female
2524;26.04.1995;male
2525;19.01.1994;female
2526;28.03.1992;female
2527;23.11.1999;male
2529;30.05.1998;male
2530;07.10.1999;male
2531;14.01.1990;female
2532;28.06.1987;male
2534;21.05.1996;male
2535;26.03.1995;female
2536;29.05.1987;male
2537;21.11.1991;male
2538;21.08.1998;male
2539;29.11.1990;female
2540;12.09.1992;male
2542;04.10.2000;male
2544;24.03.1986;male
2545;11.05.1993;male
2547;11.09.1988;male
2548;04.11.1990;male
2549;25.06.1993;female
2550;30.04.1997;male
2552;04.09.1984;male
2553;07.05.1993;female
2554;04.07.1990;male
2555;03.02.1996;male
2556;04.10.1994;female
2557;09.08.2007;female
2558;07.07.1988;male
2559;30.07.1990;female
2560;29.07.1986;female
2561;26.10.1993;male
2562;24.01.1985;female
2563;18.03.1998;female
2564;02.03.1995;female
2565;12.10.1989;female
2568;13.02.1997;male
2569;14.11.1991;male
2570;22.11.1998;male
2571;14.12.1994;male
2572;18.07.1992;male
2573;08.05.1990;female
2575;09.11.1986;male
2576;19.02.1994;male
2577;11.01.1983;female
2578;30.03.1991;female
2579;28.08.1991;male
2580;09.07.1993;male
2581;13.09.1995;male
2582;29.05.1996;male
2584;10.07.1990;male
2585;22.05.1995;female
2586;29.04.1996;male
2587;28.07.1992;female
2588;26.10.1992;female
2589;06.04.1992;male
2592;13.12.1993;male
2593;29.10.1994;male
2594;29.06.1996;male
2595;04.05.1993;male
2596;17.06.1993;male
2598;13.09.1995;male
2599;16.02.1994;male
2602;27.11.1993;female
2603;09.08.1988;male
2606;26.06.2000;male
2607;04.08.1988;male
2608;21.01.1991;male
2610;27.02.1990;female
2614;12.10.1989;male
2615;08.06.1988;female
2616;01.07.1989;male
2623;22.07.1991;male
2624;07.10.1996;female
2625;07.07.1996;female
2626;27.04.1994;male
2627;10.05.1997;male
2629;11.03.1995;male
2633;24.02.1994;male
2634;16.08.1993;male
2636;04.02.1991;male
2637;19.09.1999;female
2639;15.08.1989;male
2640;12.12.1994;male
2644;28.12.1991;male
2646;22.06.1997;male
2648;26.03.1991;male
2651;23.07.1995;female
2652;22.08.1992;female
2653;19.12.1993;female
2654;23.05.1987;male
2656;NA;male
2658;10.08.1997;male
2659;28.04.1990;female
2661;20.12.1992;male
2662;02.12.1996;male
2664;01.04.2001;female
2665;11.03.1993;male
2668;15.01.1989;male
2674;06.05.1992;male
2675;28.11.1998;female
2676;11.08.1992;male
2678;06.09.1993;male
2680;21.02.1994;male
2681;16.06.1989;male
2682;27.10.1998;female
2683;16.06.1985;male
2684;14.07.1982;female
2685;08.01.1990;male
2686;07.05.1983;female
2688;18.01.1996;male
2690;13.08.1992;male
2693;23.08.1989;male
2694;01.01.1990;male
2695;05.08.2004;male
2696;28.05.1990;male
2697;06.04.1991;female
2698;18.04.1995;male
2699;25.03.1986;female
2700;05.04.1993;female
2701;07.04.1996;female
2703;11.01.1991;female
2705;30.04.1983;male
2706;26.04.1989;female
2707;06.08.1993;male
2708;17.03.1997;female
2712;15.06.1993;male
2713;30.12.1988;male
2717;30.03.1987;female
2718;16.02.1994;male
2719;15.05.1995;male
2721;26.11.1990;male
2724;04.03.1989;male
2729;08.10.1993;female
2730;11.12.1993;male
2733;20.06.1996;male
2736;16.08.1997;male
2737;09.12.2001;female
2738;27.09.1991;male
2740;28.06.1990;female
2743;13.11.1999;male
2746;26.06.1992;male
2747;15.10.2001;male
2748;14.08.1995;male
2751;07.05.1998;female
2752;24.04.1993;female
2754;28.01.2000;male
2755;30.01.1990;male
2757;26.01.1993;female
2759;22.10.1995;male
2761;19.04.1996;male
2762;16.12.1993;female
2763;24.04.1995;female
2764;17.11.1994;male
2765;02.06.1988;male
2766;31.05.1992;female
2767;16.08.1994;female
2768;31.07.1990;female
2769;08.11.1992;male
2770;05.05.1988;female
2771;23.11.1991;male
2772;07.09.1990;male
2773;12.09.1991;male
2774;30.01.1989;male
2775;31.10.1992;male
2776;27.07.1998;female
2777;20.03.1990;female
2778;14.07.1992;male
2779;19.03.1998;female
2780;07.08.1991;female
2781;21.03.1993;male
2783;28.09.1993;male
2784;25.11.1992;female
2785;31.07.1996;male
2786;14.05.1997;female
2787;20.12.1993;male
2789;03.07.1989;male
2790;16.12.1987;male
2791;07.05.1989;female
2792;24.06.1991;male
2793;23.08.1998;female
2794;29.09.1989;female
2795;22.11.1998;male
2796;16.11.1992;female
2797;06.12.1993;female
2798;16.03.1998;female
2799;05.09.1997;female
2802;01.07.1997;female
2803;10.06.1999;female
2805;12.05.1992;female
2806;25.10.1990;male
2807;07.11.1990;female
2808;12.06.1995;male
2809;24.08.1998;female
2810;06.02.1995;male
2812;20.09.1988;female
2813;22.06.1991;female
2814;30.12.1998;male
2816;04.03.1997;female
2817;05.06.1999;male
2818;03.05.1989;female
2819;18.02.1992;female
2820;11.03.1995;male
2821;30.04.1991;female
2822;06.08.1992;female
2824;06.05.1992;male
2825;27.03.1992;male
2826;07.04.1994;female
2827;23.06.1991;female
2828;28.10.1992;male
2830;04.10.1991;male
2832;31.03.1990;male
2833;18.04.1986;male
2834;30.07.1994;male
2835;14.01.1991;female
2836;10.12.1987;male
2837;02.02.1993;male
2838;15.06.1993;female
2839;08.09.1992;male
2840;18.01.1990;male
2841;02.12.1990;female
2842;14.06.1984;male
2844;03.06.1995;male
2845;05.02.1991;male
2846;24.06.1988;male
2847;23.11.1990;male
2848;15.12.1989;male
2849;19.11.1994;female
2851;02.01.1993;male
2852;17.01.1990;male
2853;03.08.1994;male
2854;13.09.1988;female
2855;23.09.1988;male
2856;14.08.1992;female
2857;13.11.1988;female
2858;05.10.1987;male
2859;17.02.1998;male
2860;01.01.1991;female
2861;16.04.1992;male
2862;12.11.1991;male
2863;31.01.1995;female
2864;06.03.1996;female
2865;25.11.1988;male
2866;30.03.1989;female
2867;NA;male
2868;21.04.1997;male
2870;30.08.1993;female
2871;28.02.1986;female
2873;10.09.1986;female
2874;04.03.1999;male
2875;04.05.1997;male
2876;23.06.1990;male
2877;12.06.1990;male
2878;19.06.1995;female
2879;03.09.1993;male
2880;14.01.1996;male
2881;04.03.1987;female
2882;03.11.1999;male
2883;09.03.1989;male
2884;21.06.1994;female
2885;17.12.1993;female
2886;14.07.1997;male
2887;18.03.1996;female
2889;30.01.1995;male
2890;31.05.1987;male
2891;27.06.1991;female
2892;25.12.1989;male
2893;31.03.1990;female
2894;02.07.1987;female
2895;25.10.1997;male
2897;28.11.1991;female
2898;01.10.1987;female
2899;11.09.1993;female
2900;02.08.1996;male
2901;24.03.1994;male
2902;11.10.1997;female
2903;18.02.1998;male
2904;01.05.1994;female
2905;12.04.1994;male
2906;23.07.1989;female
2907;16.12.1996;female
2908;27.01.1994;female
2909;17.11.1995;female
2910;23.11.1988;male
2911;25.01.1991;male
2912;11.06.1992;male
2913;21.10.1989;male
2914;28.05.1992;female
2915;25.02.1992;female
2916;04.03.1995;male
2917;24.04.1989;male
2918;06.09.1994;male
2919;11.12.1993;female
2920;12.01.1990;female
2921;18.04.1994;female
2922;06.08.1991;female
2923;21.10.1993;female
2924;14.08.1990;male
2926;07.11.1991;male
2927;29.04.1988;male
2928;08.09.1991;male
2929;04.05.1990;male
2930;02.08.1989;female
2931;04.07.1989;female
2932;05.10.1994;female
2933;13.11.1994;female
2934;20.02.1989;male
2935;15.08.1992;male
2936;03.09.1990;male
2937;21.07.1989;female
2938;26.10.1995;female
2939;28.08.1990;female
2940;20.09.1997;male
2941;31.07.1990;male
2942;02.04.1987;male
2943;02.01.1993;female
2944;07.04.1993;female
2945;05.12.1991;female
2946;08.11.1994;male
2947;20.03.2001;female
2948;05.03.1993;female
2949;10.04.1990;male
2950;01.07.1994;male
2951;28.05.1989;female
2952;02.09.1989;male
2953;11.08.1990;female
2954;07.08.1988;male
2955;28.02.1995;male
2957;16.04.1992;male
2958;08.04.1988;male
2959;08.10.1991;male
2960;01.12.1994;male
2961;04.11.1988;female
2963;NA;female
2964;06.10.1991;female
2965;01.12.1989;female
2966;11.06.1997;male
2967;08.06.1990;female
2968;15.08.1990;female
2969;20.12.1984;male
2970;16.08.1992;male
2971;06.12.1999;male
2972;23.01.1993;male
2974;31.07.1991;female
2975;03.09.1992;male
2976;25.01.2002;female
2977;21.08.1990;female
2978;14.01.1991;female
2979;27.05.1991;male
2980;21.02.1989;female
2981;27.02.1998;male
2982;24.08.1999;male
2983;09.03.1992;male
2984;29.08.1989;female
2987;09.05.1990;male
2988;12.03.1998;female
2989;05.05.1990;male
2990;26.10.1988;male
2991;29.05.1995;female
2992;18.11.1985;female
2993;08.05.1992;male
2994;19.09.1997;female
2996;09.02.1993;female
2998;04.06.1992;female
2999;26.04.1997;male
3001;12.04.1998;female
3003;21.07.1997;male
3005;11.11.1991;male
3007;16.02.1995;female
3008;27.12.1992;male
3011;08.05.1998;male
3012;11.05.1992;male
3014;11.05.1992;female
3015;19.03.1997;female
3016;20.10.1996;female
3018;05.12.1993;female
3019;21.05.1992;male
3022;13.02.2001;female
3024;25.12.1995;male
3026;30.07.1993;female
3027;14.05.1993;female
3028;15.11.1984;female
3030;15.08.1997;male
3031;20.03.1994;male
3032;13.05.1994;female
3033;28.12.1994;female
3034;01.07.1991;female
3036;03.09.1999;male
3037;26.05.1992;female
3038;05.07.1987;female
3039;25.12.1986;male
3040;06.10.1992;female
3041;23.07.1990;male
3042;28.07.1995;male
3044;28.05.1992;male
3045;29.11.1987;male
3050;17.10.1999;male
3051;19.05.1989;male
3052;08.03.1991;male
3053;21.02.1991;male
3054;06.04.1990;male
3055;19.01.1994;male
3056;15.02.1985;female
3057;20.05.1995;female
3058;19.10.1984;male
3059;15.01.1995;male
3061;08.05.1997;male
3062;17.03.1993;female
3064;31.07.1986;male
3066;15.10.1995;female
3067;10.03.1991;female
3068;26.01.1989;male
3071;26.08.1992;male
3074;04.01.1994;female
3075;28.08.1990;female
3076;23.05.1996;male
3081;03.09.1993;female
3083;09.06.1993;male
3084;09.07.1994;male
3085;04.02.1992;male
3086;30.11.1995;male
3087;14.09.1996;female
3088;07.02.2000;male
3089;20.08.1994;female
3090;06.04.1992;male
3091;07.07.1983;male
3092;10.11.2001;male
3096;18.10.1991;male
3097;20.07.1992;male
3098;06.07.1987;female
3099;30.07.1999;male
3100;01.07.1992;male
3101;29.12.1989;male
3103;11.03.1991;male
3105;06.05.1993;male
3106;16.05.1992;male
3107;01.02.1989;female
3109;27.01.1995;female
3110;30.04.1994;male
3111;17.11.1988;female
3113;11.09.1987;female
3114;14.11.1984;male
3118;07.09.1990;male
3121;25.01.1993;female
3122;02.06.1996;male
3123;24.12.1994;male
3124;26.06.1992;female
3125;22.01.1992;male
3128;02.01.1997;female
3129;12.09.1995;female
3130;30.05.1994;male
3131;14.11.1994;female
3132;16.01.1992;female
3133;27.08.1992;male
3136;16.02.1996;female
3139;01.12.1995;male
3143;17.07.1998;male
3145;23.09.1990;female
3146;19.03.1987;male
3148;15.07.1996;female
3150;09.12.1996;female
3151;01.05.1992;male
3152;29.01.1995;female
3153;16.12.1990;female
3154;25.05.1998;male
3155;27.07.1999;male
3157;21.03.2001;male
3158;23.06.1988;male
3159;28.01.1985;male
3160;10.11.1991;female
3161;27.12.1994;male
3162;21.02.1996;male
3163;08.02.1997;female
3164;26.12.1988;male
3165;17.04.1997;male
3166;01.06.1994;male
3167;28.09.1994;male
