k,r2,r2_adj
2,8.31383217996251e-05,-1.6873366705860704e-05
3,8.428251123970831e-05,-0.0001157606452049098
4,0.00036609152064481787,6.608134403041088e-05
5,0.00036750190669787575,-3.255111905242636e-05
6,0.0005231800661910091,2.3141633164303066e-05
7,0.000537750218468136,-6.234719959352653e-05
8,0.0005667138155722728,-0.00013344961550165735
9,0.0005670213686533865,-0.00023324525421242193
10,0.0006425703570601682,-0.0002577516516271139
11,0.000801647001433925,-0.00019865168011445888
12,0.0009339683157115752,-0.00016632467072486
13,0.0011141246689503337,-8.60986717898804e-05
14,0.0012670058291498476,-3.316730566105264e-05
15,0.0012858039468365279,-0.00011449637812521729
16,0.001342385309439531,-0.0001580017318623117
17,0.0014495228772439805,-0.00015087856861040194
18,0.0014540210766864625,-0.00024656814808787786
19,0.0014648526883126456,-0.0003359320678850697
20,0.001527385039038598,-0.0003735147289232188
21,0.0015799764208639377,-0.0004210658149896851
22,0.001604911783202767,-0.0004963406574218787
23,0.0016127910551662072,-0.0005887242898057199
24,0.0016525725893661303,-0.0006491506294032945
25,0.00191164246943476,-0.0004897731276312101
26,0.0023622610755826834,-0.0001383348210595159
27,0.0023774874624012954,-0.00022335334036394094
28,0.0024467400446667176,-0.0002542164353569465
29,0.0026015979958243785,-0.00019923995985871024
30,0.0026018021074200037,-0.0002993561412143464
31,0.0026204503595339546,-0.00038099276306735597
32,0.002792161019447681,-0.000309107340142889
33,0.002805519956582514,-0.00039606761855437433
34,0.0032920185940815694,-8.338960242548765e-06
35,0.003439293998852899,3.9086873510285614e-05
36,0.0034675084007907975,-3.295699523220286e-05
37,0.003501474450077202,-9.924289608331804e-05
38,0.0035019672129998902,-0.00019913971463703106
39,0.003504025617894535,-0.0002974849760739584
40,0.003507173128308394,-0.00039475661546628515
41,0.0035083394801497247,-0.0004940369051091853
42,0.003649130798359379,-0.00045313729134410785
43,0.0037791731573617593,-0.00042302376213121384
44,0.003811620174556607,-0.0004909210400370068
45,0.003838974422241459,-0.0005639472377707566
46,0.0038477701327218616,-0.0006556305447975586
47,0.004068886691489415,-0.0005340301388323532
48,0.004081886539307189,-0.000621504872736045
49,0.004097179926453309,-0.0007066925852068362
50,0.004105934757685725,-0.0007984681766735058
51,0.004107955889219861,-0.000897029758135659
52,0.0043776165856371785,-0.0007265994933869369
53,0.004433723778259568,-0.0007708048598755735
54,0.004471362529866463,-0.0008335859706278814
55,0.004492519088392211,-0.000912951396195627
56,0.004500167869466165,-0.0010059152728487675
57,0.004561375402361123,-0.0010450374486363767
58,0.004577979750506889,-0.0011290264005916484
59,0.004579019106636162,-0.0012286880547978107
60,0.004679694621321118,-0.0012281422013489252
61,0.004679751243649388,-0.0013288225490240002
62,0.004915885167859457,-0.0011919968008224924
63,0.004966030470734073,-0.0012422925755388725
64,0.005242888557441705,-0.0010644481998933752
65,0.0052665528008160045,-0.0011413929083683438
66,0.005352946413532456,-0.0011552132888150712
67,0.005361542975846789,-0.0012473504263070812
68,0.005489634482390593,-0.0012192050755714945
69,0.005505570499388712,-0.0013039775024279443
70,0.005593630872673172,-0.0013161414807796312
71,0.005902524172861967,-0.0011059180980514949
72,0.0059488801271448954,-0.001160067245032037
73,0.005967728264085537,-0.0012419346315510893
74,0.00599505511537668,-0.0013152774432145797
75,0.006105963866190001,-0.0013044299548581328
76,0.00616590664271599,-0.0013449314267919288
77,0.006182607727898137,-0.0014290139402144408
78,0.00634465026124198,-0.0013666440271962177
79,0.006557993140546725,-0.001252557865908166
80,0.006614910093834747,-0.0012961203600552196
81,0.0066295139856307195,-0.0013823459681094885
82,0.006981598150624824,-0.0011283524996876793
83,0.007009259046932836,-0.001201413611950919
84,0.0070116407439558825,-0.0012999802542543737
85,0.0071010845970936876,-0.001310767031130533
86,0.007132455796656001,-0.0013801265371429228
87,0.007186943744781238,-0.001426182739426185
88,0.0072107159216587835,-0.001503233605663068
89,0.007256688751805518,-0.0015579022470686432
90,0.007263958382055402,-0.0016516327081561588
91,0.007305131595103931,-0.0017111705702448354
92,0.007360516672529127,-0.00175637805726514
93,0.0073619693044626455,-0.0018560279524253431
94,0.00736418369515901,-0.0019549290563400934
95,0.007419508483088144,-0.002000235706976383
96,0.0074270199494611555,-0.002093823457728128
97,0.007488783643999186,-0.00213265195836132
98,0.007734023013468927,-0.0019862152987601966
99,0.00834312138627169,-0.0014722885828368781
100,0.008502658257195983,-0.0014123151602318806
101,0.008878614941743912,-0.0011337235273767288
102,0.008878817107423886,-0.0012346643506635502
103,0.008883734208917082,-0.0013308620435523721
104,0.008957192183978502,-0.001357824914349104
105,0.009170455947823175,-0.0012435180371619392
106,0.00917505516097461,-0.0013400670553280758
107,0.009179528228741574,-0.0014367630891352068
108,0.009185397073338986,-0.001532067798593273
109,0.009205764032701902,-0.001612735359115769
110,0.00926651296074954,-0.001652592204799408
111,0.009352647208543563,-0.001666789418725001
112,0.009390861083482638,-0.0017294478181895112
113,0.009427451863541991,-0.0017937603738689134
114,0.00942946170158121,-0.0018930621531345615
115,0.009615255271236522,-0.0018064807832984808
116,0.009616677042441069,-0.0019063988519456565
117,0.009670895891892628,-0.0019529203659784944
118,0.009888497228546567,-0.001834134407181054
119,0.009944177034434065,-0.0018791796207562328
120,0.010105294266273601,-0.0018175265821387399
121,0.010296044254417658,-0.0017258683571290678
122,0.010320119638964731,-0.0018029078487540318
123,0.010346449257705226,-0.0018776808618208296
124,0.010353144295192296,-0.001972348136125124
125,0.010383946188148974,-0.0020426250192100426
126,0.010480359485250501,-0.002046474124668851
127,0.010513421989980731,-0.002114483290001301
128,0.010696777233152432,-0.0020302800289413447
129,0.010729824482179628,-0.0020983167868187103
130,0.010780028941717923,-0.0021489858775847193
131,0.010825756300588796,-0.002204201312231646
132,0.010924370479082568,-0.0022058390332035938
133,0.010927066584176526,-0.002304678344463351
134,0.011001780291076457,-0.0023305492468606026
135,0.011179517001533745,-0.0022520029905386263
136,0.011377962112908091,-0.0021524489895612398
137,0.011444827682820402,-0.0021862686808757914
138,0.011471968922277864,-0.002260371399933403
139,0.01164274631526896,-0.0021888428753296107
140,0.011739161297373069,-0.002192710566690348
141,0.01174185083733481,-0.0022916354069875133
142,0.011817365283932846,-0.002316713788390823
143,0.012136395816746526,-0.002094773077848444
144,0.012452576051351416,-0.0018756789836178456
145,0.012475958114132268,-0.0019536169271223702
146,0.012485852320706425,-0.002045257016973334
147,0.012567004764093448,-0.002064601579603309
148,0.012667148633872527,-0.0020646752750617114
149,0.012754603855195557,-0.002077628266358822
150,0.012910462462604078,-0.0020211457701950764
151,0.01291768188733422,-0.00211555475769587
152,0.012983711494365835,-0.002150270995921577
153,0.013164641957102652,-0.0020683198000335246
154,0.013174089874975925,-0.002160499222030765
155,0.013187872098551212,-0.0022482952652702615
156,0.013363020931658642,-0.00217220171722321
157,0.013750127635095977,-0.0018807755538630122
158,0.014254819881321046,-0.0014698288972436746
159,0.01440502154825507,-0.0014189807477895666
160,0.014410235889520506,-0.0015154523720208868
161,0.014649818004122905,-0.0013737645875369076
162,0.014713276627869476,-0.0014110537708815762
163,0.014775694919557214,-0.0014494080003404353
164,0.014820365770556343,-0.0015058115758650459
165,0.014835886058156555,-0.0015918632744782446
166,0.014949953124238413,-0.001577732226025974
167,0.014953738144244055,-0.0016757421230249037
168,0.015252171552882277,-0.001474118861140239
169,0.015630498375519553,-0.0011911958847705684
170,0.0158584365498039,-0.0010611895156165119
171,0.0165131913762665,-0.0004969579233606858
172,0.016709724527832703,-0.00039880590620677836
173,0.017484241835314718,0.0002874665830173706
174,0.017487460176876635,0.00018900003140542854
175,0.0176211641595877,0.00022330996760488997
176,0.017694968418774715,0.0001966601404039814
177,0.017699529663281144,9.952123619549891e-05
178,0.017733976890035308,3.2787102775766463e-05
179,0.0180218158774329,0.0002240237204411688
180,0.018067838390775415,0.0001690749561469307
181,0.018168022496227954,0.00016926947141093773
182,0.018254101798308442,0.00015509919344947054
183,0.018257362351382422,5.657188056162887e-05
184,0.01828459119980208,-1.7560370128233416e-05
185,0.018298787739590705,-0.00010498434965189318
186,0.018503061497532225,1.2341465074339197e-06
187,0.018504183977725464,-9.952760692155671e-05
188,0.01899984809438071,0.00030365685851119206
189,0.019076365268874018,0.0002797448092418664
190,0.019087053699232692,0.00018873088059401244
191,0.019093980816325296,9.386422494006563e-05
192,0.01911896373825306,1.7385646287948475e-05
193,0.01915061269659546,-5.2311986004083266e-05
194,0.019152766446488334,-0.0001520995616524079
195,0.019361095539985773,-4.165279915158138e-05
196,0.01945279503517805,-5.013284814903152e-05
197,0.01953919961274686,-6.40154108071389e-05
198,0.019558791172138434,-0.00014605662821765009
199,0.019566306176574955,-0.0002404351127871518
200,0.01958205245144784,-0.0003264344426503474
201,0.020213940179585554,0.00021626572667376998
202,0.02024981844389706,0.00015084043891888665
203,0.020255643414987423,5.472884622437224e-05
204,0.020345356187881025,4.4223818152500094e-05
205,0.02038450870305053,-1.789662870832487e-05
206,0.02060261997523094,0.00010267481441028625
207,0.020603523238102328,1.4938075957315888e-06
208,0.02110929303602682,0.0004158313998400276
209,0.02115300291058886,0.00035837770431812466
210,0.021153362794391728,0.0002566368315753964
211,0.021210370062761497,0.00021273779319153086
212,0.021225095362115143,0.0001256363430517382
213,0.02122702511901642,2.544438183760267e-05
214,0.02127004579418812,-3.2782761487215595e-05
215,0.02134780324154295,-5.55253334502126e-05
216,0.02140078474948881,-0.00010359293641282186
217,0.021417344332074317,-0.00018889645544195588
218,0.02142325902831388,-0.00028509844366086945
219,0.021455365506619972,-0.00035454455570071985
220,0.02145958022506922,-0.0004525211993386957
221,0.021746292884411322,-0.00026166453101250653
222,0.02193345894737131,-0.00017256534927723166
223,0.021951914267617112,-0.0002559894894238468
224,0.022479048141443858,0.0001808513058815242
225,0.022499828368519825,9.982443548128828e-05
226,0.022610215251433807,0.00011045040915558246
227,0.02270112259581747,0.00010114855577392223
228,0.02276108050041148,6.0176414614754314e-05
229,0.022770944154372752,-3.2067280772318796e-05
230,0.02290593943824648,3.7347434009848968e-06
231,0.023036943257211284,3.545865788268099e-05
232,0.02307647029496318,-2.645101562892549e-05
233,0.023103823410108082,-0.00010083646179270822
234,0.02323772214067321,-6.614953055583683e-05
235,0.02333216686409678,-7.185494376815704e-05
236,0.023429413482457306,-7.469219468547728e-05
237,0.023458224824078666,-0.00014761958250919527
238,0.023728594615953336,2.686104946914014e-05
239,0.023770980352622706,-3.2165500883696296e-05
240,0.023773359747673473,-0.00013219015194798622
241,0.023775394170273967,-0.00023258875821619007
242,0.023862838068496206,-0.00024548905032850676
243,0.024044500654848755,-0.00016183642022826739
244,0.02414085986095793,-0.0001655947366012711
245,0.02424641686900142,-0.00015992595867309056
246,0.0243873661209838,-0.000117974795600162
247,0.024387429487784718,-0.00022045448084084818
248,0.02443798078225623,-0.00027118849038343384
249,0.024438117802649817,-0.00037362938071017204
250,0.024441500025097707,-0.00047276320503053526
251,0.024535146492937532,-0.0004793384159520464
252,0.024548195823217545,-0.0005685873988150458
253,0.024551121454511993,-0.0006682401329982657
254,0.024822029733678197,-0.0004929740091270673
255,0.024983067607432963,-0.0004304060536970411
256,0.025256608849723583,-0.00025237767976338255
257,0.02529332975965848,-0.00031735561256041045
258,0.025302338369208033,-0.0004107902531604868
259,0.025349492525284067,-0.0004650882085703856
260,0.025494984484014993,-0.00041844457334017093
261,0.025533590233035697,-0.00048153108736803674
262,0.025534672817026927,-0.0005831594272487362
263,0.026082137365622038,-0.00012372481063427365
264,0.02608872246506888,-0.00021968612076572747
265,0.026368039283844236,-3.553931184807624e-05
266,0.026480546472722466,-2.2705549542756387e-05
267,0.026787228091992188,0.00018961200984590754
268,0.026977345081227955,0.00028221059054645004
269,0.02697860480865233,0.00018076965180513493
270,0.027010922359140488,0.00011122432364285562
271,0.027041277630245775,3.9647962259969916e-05
272,0.02718375004844087,8.329736167345114e-05
273,0.02721336716399325,1.0944615273844605e-05
274,0.027261673085392513,-4.2209625659150873e-05
275,0.02753221596431632,0.00013312364289952416
276,0.02764553027169614,0.00014681789250203803
277,0.027730545596481804,0.00013141267296334913
278,0.027789758843157597,8.94670512994189e-05
279,0.02787411709872789,7.337690260067475e-05
280,0.02796366863219535,6.262578737881164e-05
281,0.028206255606400554,0.0002093167824259723
282,0.028208069907053157,0.00010830325176214295
283,0.02836646998645931,0.0001683990320682227
284,0.02837298738066807,7.220057835521931e-05
285,0.02838846837775444,-1.4792042288602758e-05
286,0.02846299273919317,-4.102693028684712e-05
287,0.02855463193005603,-4.964844346444508e-05
288,0.02872487962996506,2.2659742588637677e-05
289,0.028897473683654473,9.739876046355178e-05
290,0.02894905290943761,4.753656451772503e-05
291,0.02897371826947215,-3.0053663976570277e-05
292,0.028974513367739374,-0.00013224565677538713
293,0.028986646400398608,-0.00022277970973672012
294,0.029039874907969,-0.0002709963728846354
295,0.029116250911561226,-0.0002953742540237059
296,0.029158578771356747,-0.0003548403612121387
297,0.02922816303862774,-0.00038623083342881337
298,0.029242591846476262,-0.00047447166842751187
299,0.029296195725707408,-0.0005223522254047541
300,0.029348956796611758,-0.0005711114423381236
301,0.029350275775753776,-0.0006729139620824665
302,0.02982428334741194,-0.0002873778933005777
303,0.029856794905896766,-0.00035700811961825174
304,0.030077886330304393,-0.00023217972187361546
305,0.030079794234553092,-0.0003333818925945753
306,0.030082215531272216,-0.0004340753974425571
307,0.03014524608422009,-0.000472267038469365
308,0.030237709088236198,-0.00048010181868818336
309,0.030372094116537518,-0.00044468382300499876
310,0.030709774814462243,-0.0001994800443954059
311,0.030713517761134068,-0.0002988477558489855
312,0.030793719088868743,-0.0003193231658136231
313,0.030822212085834355,-0.0003931765617573024
314,0.03095107792832219,-0.0003634288452101231
315,0.03102171148287891,-0.0003937952382748744
316,0.031040410650612804,-0.00047779160517591457
317,0.031060691972390586,-0.0005601715344487612
318,0.03118477918775009,-0.0005353638609466582
319,0.031200513555696308,-0.0006224630675129017
320,0.03120056234723212,-0.0007257827572340059
321,0.03183546407440041,-0.00017328181837705792
322,0.03231852535476909,0.00022245660491171382
323,0.03235427230902632,0.00015607820791085913
324,0.032375808126035244,7.500056347942152e-05
325,0.03264866066503713,0.00025363906870345954
326,0.03297929406901701,0.0004920365305045582
327,0.03301630248084331,0.0004269625251681619
328,0.0330382978378172,0.0003463544334505464
329,0.03361439046071946,0.000838619606734925
330,0.033742631483361096,0.0008678978492374645
331,0.03376252747191033,0.0007851393310198684
332,0.03386194747275251,0.0007846103413376992
333,0.034036086691218714,0.0008613665899964706
334,0.034044403785284394,0.0007666039156899451
335,0.03405086345665653,0.0006699000210147465
336,0.034069479751211884,0.0005857541424221235
337,0.03412997990412814,0.000544931083656941
338,0.03422569011850263,0.0005405377245816245
339,0.034232883307491524,0.0004445295716393183
340,0.03424686058748261,0.00035552370747804485
341,0.03429753557384985,0.00030448889149237157
342,0.03436402829872143,0.00026981973068085363
343,0.03463986137872421,0.0004518974760135963
344,0.03468103333543748,0.00039101618900572177
345,0.03468553058685986,0.0002921408946672255
346,0.03470628945800247,0.00021008786933573997
347,0.034725609367208365,0.00012652730371032206
348,0.03472625824833231,2.3607151375282243e-05
349,0.03501635947491377,0.00022055521600472527
350,0.03513394937597669,0.00023879376273472364
351,0.03539667021330617,0.0004074313880038094
352,0.03550247280646257,0.0004134769477424083
353,0.035502894100718496,0.0003102973062178993
354,0.03553202379336795,0.00023685526745653718
355,0.03553345833782717,0.00013468635769131598
356,0.03556769932093251,6.651031833304621e-05
357,0.03566258751030227,6.120631707062785e-05
358,0.03569442091273667,-9.48820717128207e-06
359,0.035727526893445605,-7.887756378366362e-05
360,0.03576774987840092,-0.0001408992703182399
361,0.035785150559466516,-0.0002266085232798254
362,0.0357851539857903,-0.00033038444657429444
363,0.03599718752365644,-0.00021418719009647091
364,0.03600347165395745,-0.00031146605770859814
365,0.03601631311307707,-0.0004019600604401319
366,0.03602908737711574,-0.0004925425904316327
367,0.03604229857357999,-0.0005826903937271588
368,0.036051333321931445,-0.0006771924952249098
369,0.036316405553340925,-0.0005058935595623204
370,0.03632539062720386,-0.0006004588908190556
371,0.03633810171478946,-0.0006911746758562209
372,0.036339062424862956,-0.0007941124650805431
373,0.036481374003505374,-0.0007502587866365928
374,0.03672790246133484,-0.0005981407946304973
375,0.036749454774827495,-0.0006797092682078176
376,0.03674996230128058,-0.000783159491842822
377,0.03677774434660974,-0.0008582909984671261
378,0.036792588958381334,-0.0009468824574043744
379,0.036836917807079095,-0.001004849687872067
380,0.0368371780247293,-0.0011086337765833232
381,0.037826319275148124,-0.0001844925218623672
382,0.038041099671303424,-6.519488320200217e-05
383,0.0382509531447871,4.900493862192157e-05
384,0.03832887255604067,2.6039589002713193e-05
385,0.0383711960785017,-3.394804067213819e-05
386,0.03851396999958856,1.0524862272265345e-05
387,0.03891095185353044,0.0003194224054354766
388,0.03919037217047583,0.0005060894020585405
389,0.03920185739671789,0.00041404350325469075
390,0.03932557539650172,0.0004387542549032508
391,0.03932613127249651,0.00033530925108682386
392,0.039333163559722495,0.0002385826846029726
393,0.03934776742781265,0.00014971650990935892
394,0.03937273523328555,7.161977905700834e-05
395,0.03940943432173405,5.719290267380828e-06
396,0.039426152301071826,-8.099782815307321e-05
397,0.039434575606682176,-0.00017636972912482562
398,0.03943601250964612,-0.00027903675443119447
399,0.039614641578939236,-0.00019718767338683385
400,0.0396148211016788,-0.00030118789628263976
401,0.03975499114608272,-0.00025938572042072394
402,0.039865459196086195,-0.0002485177639439673
403,0.03986756107761058,-0.00035055296290198434
404,0.04006563882174552,-0.000248403232739447
405,0.04008037841843459,-0.00033728985868397565
406,0.04009126164001775,-0.0004302141819327865
407,0.040100640356762196,-0.0005247260578269408
408,0.04052558577519527,-0.0001860579476462565
409,0.04076814672076812,-3.746230205803336e-05
410,0.04076851131026704,-0.0001413613564795746
411,0.04083418531433336,-0.00017718021086454705
412,0.0408381247347227,-0.00027738744029082163
413,0.040852925235082216,-0.00036628774115077256
414,0.04092256231769431,-0.0003980074468366013
415,0.04096600498721503,-0.0004570595861070892
416,0.041038863640825096,-0.00048543431295788864
417,0.041042364934364306,-0.0005861831390265859
418,0.041069090541140496,-0.0006627179794549409
419,0.04107623661236326,-0.0007597025480616804
420,0.041291941177789004,-0.0006390271569194361
421,0.0412945507234217,-0.000740764935432292
422,0.041303440721049745,-0.000835967449386299
423,0.04131690787102449,-0.0009264110052862318
424,0.041343109146069534,-0.0010035768221023922
425,0.04171550298264948,-0.0007192361019829896
426,0.04180370370393527,-0.0007316447320191433
427,0.041809896267502755,-0.0008297134880643764
428,0.04181272386568824,-0.0009313178089200846
429,0.0423115328725413,-0.0005147824477547136
430,0.0423162922411795,-0.000614356727319354
431,0.042384595718306994,-0.0006475522429352232
432,0.0425166251611504,-0.0006141581326983836
433,0.04251941143722748,-0.0007158362118910855
434,0.042580919092272795,-0.0007561561777509329
435,0.042677032823339345,-0.000760308290583378
436,0.04270761303776727,-0.0008329754533005218
437,0.04298947088142602,-0.0006429238373546475
438,0.04299318430269716,-0.0007436885753326905
439,0.04335346568251086,-0.0004715716599281716
440,0.04335452029572817,-0.0005751204563821943
441,0.0433788828804097,-0.0006543100825173731
442,0.04338138939975722,-0.000756380769180609
443,0.043469341901681724,-0.0007690750575584104
444,0.04355166176957603,-0.000787665756175171
445,0.04356301522820116,-0.000880524409546668
446,0.04361558908540131,-0.0009302621661160249
447,0.04374539114027898,-0.0008991765925205897
448,0.043765329326129754,-0.000983089621862332
449,0.04376625514191512,-0.001086924388649324
450,0.04390531049922253,-0.0010461571013899995
451,0.04391895228369114,-0.0011367050073696205
452,0.043931160907215716,-0.0012287727365678514
453,0.04394797234015224,-0.0013160390249102871
454,0.04394850700431974,-0.001420372770145395
455,0.04399773743004076,-0.0014737164418043847
456,0.04402600381338606,-0.0015490347726270226
457,0.04403426631022822,-0.0016453286350233132
458,0.044255282329469625,-0.0015186996423846022
459,0.04438286222705967,-0.0014899654744398028
460,0.04438754968543124,-0.0015900304712130886
461,0.04439708436856549,-0.0016850354752817598
462,0.04442698871506512,-0.0017587062107426998
463,0.04460916226779299,-0.0016727468265007595
464,0.045220799594300254,-0.0011364539488876169
465,0.04541092960293369,-0.0010420676350566538
466,0.04550069312831473,-0.0010529231602665057
467,0.04551714535290741,-0.001140675927439272
468,0.045518154761727825,-0.0012446465104367643
469,0.04552107998204047,-0.0013466290273400627
470,0.04562520568299788,-0.0013424520855933597
471,0.04574510382095309,-0.0013217238843834522
472,0.04603756167320461,-0.0011199014304814625
473,0.04607090182162055,-0.0011899918847082525
474,0.0460714735334552,-0.0012944925613038727
475,0.046665671490987326,-0.0007758478489887644
476,0.04689467257499569,-0.0006405049267763641
477,0.04694141260007634,-0.0006965048211526881
478,0.04697575602820536,-0.0007655340762418028
479,0.046988864278599274,-0.0008568791175596058
480,0.04747877320692706,-0.0004474523848672085
481,0.047480135068685536,-0.0005511219086262731
482,0.047749255981990424,-0.0003735227396592933
483,0.04778729396052295,-0.0004386726582674694
484,0.047808230406285346,-0.0005218058183640295
485,0.04781019536572917,-0.0006248929624881328
486,0.04786203849456305,-0.0006755809431222559
487,0.047863460396585844,-0.0007792767260106359
488,0.04797858959121226,-0.0007634653782031542
489,0.047978745419343105,-0.0008685232417189326
490,0.04805631346954897,-0.0008922104750765936
491,0.04807496183704618,-0.0009778585120807648
492,0.04811155597102357,-0.0010446520662321657
493,0.048218182894260275,-0.0010378025918051925
494,0.04821823822103788,-0.0011430502869600456
495,0.04821942827428061,-0.0012471264266666893
496,0.04823044182309322,-0.001340889331953976
497,0.04823073884172535,-0.0014459478397965686
498,0.04825204407986705,-0.0015289214107987448
499,0.0482525326301676,-0.0016338202537580226
500,0.04891196182494828,-0.0010451888118254704
501,0.048912066720412706,-0.0011504626658167538
502,0.04894855325820946,-0.0012174579881201186
503,0.049117027494064325,-0.0011455030100928631
504,0.049530576271993976,-0.0008154768172212723
505,0.0495731718552499,-0.0008760247097794327
506,0.04972087948051651,-0.0008258822492432927
507,0.04985863134972823,-0.0007862156466942327
508,0.04997919032103282,-0.0007646519152963993
509,0.050002087450225385,-0.0008459727726473076
510,0.05005483491436902,-0.0008958593984429442
511,0.05007783245080388,-0.000977105419371016
512,0.050218136219074117,-0.0009347445136465016
513,0.05022204664530405,-0.001036128975820061
514,0.050247810465071985,-0.001114499595165963
515,0.051092094353437534,-0.0003300103911416663
516,0.051126759736837335,-0.0003989381475499876
517,0.051136721812706676,-0.0004939279336440006
518,0.05125469536360916,-0.0004750370237578405
519,0.05140599378067734,-0.00042099653907889945
520,0.051458966142134854,-0.00047065374945076677
521,0.05147122750540756,-0.0005632657636280847
522,0.05227956508296505,0.0001839387280615501
523,0.05233769684267253,0.00013977321197455872
524,0.052339145702842704,3.578702856943394e-05
525,0.05258683157287469,0.0001916336566938348
526,0.05281386921653308,0.0003257207405652496
527,0.05282183331308199,0.00022859825794441235
528,0.05284668967515138,0.0001492873798393246
529,0.05297043604304075,0.00017436279108473673
530,0.05297569215247111,7.433430122050222e-05
531,0.0531112929802825,0.00011192507232482551
532,0.05333018999780281,0.00023749152809793284
533,0.05339332047833478,0.0001985646416889919
534,0.05339976687844383,9.975375211912496e-05
535,0.05344437134704039,4.123286836299478e-05
536,0.053496217011142155,-9.649842095393879e-06
537,0.05353594278315643,-7.334968944494591e-05
538,0.053537018656718005,-0.00017790641000603458
539,0.05357631543103225,-0.0002420909000220295
540,0.05358597830589562,-0.0003376113022568461
541,0.053816829950821043,-0.0001993357988940847
542,0.0538592828326484,-0.00026020627578215993
543,0.053948292128533804,-0.0002718649684667618
544,0.05412464144730589,-0.00019117070308682926
545,0.05416759760748868,-0.000251527395316975
546,0.05462630236668675,0.00012781863385868952
547,0.05492477532619644,0.00033775822348869333
548,0.055241432615448116,0.0005669789168287753
549,0.0552417469847466,0.00046156259660146137
550,0.055405702588996575,0.0005292719775001897
551,0.05540674218974828,0.0004245967991631794
552,0.05586607388349907,0.0008049187935126323
553,0.05637713035065017,0.0012400684213137447
554,0.05641498321924032,0.001174403685071379
555,0.05643037261548611,0.0010849439684750273
556,0.056433358207944595,0.0009823325626046042
557,0.05652140627695357,0.0009697703445152861
558,0.05657942647380543,0.0009254061969476979
559,0.05658238753344014,0.0008227193037674274
560,0.056621090292649834,0.0007578688385810883
561,0.056636753325071565,0.000668597997392828
562,0.05749734273396068,0.0014744575118533776
563,0.05751412250201127,0.001386426925676587
564,0.057514931847756356,0.001281454381699465
565,0.0575161049659777,0.0011768451038485228
566,0.05759397072124428,0.0011534993896249457
567,0.05764511572973785,0.0011018246773718543
568,0.05769746092621619,0.0010514113444907158
569,0.057713577493053614,0.0009625767525227591
570,0.057831116002722394,0.0009812649958877984
571,0.05784814959609219,0.0008933765840837271
572,0.05789538767996205,0.0008375033317713498
573,0.057955905796151286,0.0007957040474929622
574,0.058181595520857554,0.00092910817027958
575,0.05861836101112983,0.0012864712732398864
576,0.05873370139791145,0.0013028735439003514
577,0.0587846199184886,0.0012509195123598937
578,0.0590128095482757,0.0013870815828070926
579,0.05904473250244202,0.0013149644721279774
580,0.05908638191858162,0.001253156348609119
581,0.05909161312146294,0.0011526743392619165
582,0.05910892241544885,0.0010649941847603595
583,0.05933777553983011,0.0012019133081406785
584,0.05948082915711317,0.0012477496539904376
585,0.059503522613897575,0.001165769794621574
586,0.05952804575634685,0.0010857159037298558
587,0.059683681576096936,0.0011449200126838477
588,0.05989690020543037,0.0012653107898531468
589,0.060000448869905965,0.0012692049994889043
590,0.06000051711674359,0.0011631424708096194
591,0.060002187455565625,0.0010587599498567135
592,0.06015357444964631,0.0011134769262344246
593,0.060154872135441684,0.0010086708283492118
594,0.060328393879033215,0.0010869243457849453
595,0.060358838470212506,0.001013080899910035
596,0.06035915146881843,0.0009071837023304496
597,0.060363394701487216,0.0008054433287431051
598,0.060372750267103203,0.0007091182642804394
599,0.060408040008981256,0.0006403565631106778
600,0.060553582447320786,0.0006888586054000223
601,0.06059596499952402,0.0006276257080796155
602,0.060606148743334254,0.00053212186471574
603,0.06060671943670892,0.00042636880362378893
604,0.06060680603758273,0.0003200780725616248
605,0.061140413743211,0.0007815856326094384
606,0.061237875046191825,0.000778955991789787
607,0.06130141629358643,0.0007402173447855764
608,0.06131985058831935,0.000653448257304623
609,0.06133234385439956,0.0005603350229093085
610,0.061338872474344774,0.0004608504654922685
611,0.06136209698537354,0.00037912533355521916
612,0.06144369379060888,0.0003595541342455988
613,0.06145280122999364,0.0002627633427831899
614,0.06145321983488139,0.00015669562422537808
615,0.06148980666591286,8.913978182867321e-05
616,0.0614907246933859,-1.6436891606241844e-05
617,0.06160244894354172,-3.955346214112865e-06
618,0.061602463683081976,-0.00011052714057391277
619,0.061617184992144414,-0.0002014462491790603
620,0.061768574120034225,-0.00014669801426192564
621,0.061768588455930584,-0.0002533195467693261
622,0.06216901372716277,6.696185304977398e-05
623,0.06219044809458696,-1.6818758902248376e-05
624,0.06219159056939938,-0.00012225745483940287
625,0.062200888463514015,-0.000219020400354486
626,0.06224076807289358,-0.0002831832770573417
627,0.06250457808051901,-0.00010847367682620401
628,0.06263078710130887,-8.053347994163573e-05
629,0.06268980479667707,-0.0001242814894917288
630,0.06281484594383724,-9.75832878944427e-05
631,0.06281543095043596,-0.00020370433627814322
632,0.06289613197174848,-0.0002243356548341513
633,0.06290536220191745,-0.0003212643688510486
634,0.06329403318943472,-1.3128564898989836e-05
635,0.06370675760222522,0.0003207548600800969
636,0.06370690715923466,0.00021415684378323085
637,0.06377928108507469,0.000184666407098244
638,0.06378774130406262,8.690720992554635e-05
639,0.06380040375462592,-6.3842385957801895e-06
640,0.06380975241987541,-0.0001032356360755049
641,0.06409965684947383,9.963338368301766e-05
642,0.06423133455731056,0.00013348089747255987
643,0.06424578153375982,4.206151074759301e-05
644,0.06435728284623055,5.434706920248722e-05
645,0.06438408356294156,-2.3896146889024195e-05
646,0.06438643899978092,-0.0001282869832359701
647,0.06438853055904403,-0.00023298224528156553
648,0.06439986660804065,-0.00032781584540209074
649,0.06442321774399085,-0.0004098220273591746
650,0.06444533271726138,-0.0004931677176580607
651,0.06445409533698798,-0.00059081192913224
652,0.06453754949853152,-0.0006085839285605577
653,0.06462333378689544,-0.0006238670658855749
654,0.06472946482713071,-0.0006173851052342361
655,0.06474144949783933,-0.0007116368615414093
656,0.06474565270251675,-0.0008142357264055988
657,0.06474569418021592,-0.0009213104882821455
658,0.06489019458210643,-0.0008737898066280003
659,0.0649223857781367,-0.0009464794566331758
660,0.06556212349637114,-0.00036877164451665223
661,0.06563083201861364,-0.00040232472918755313
662,0.06564513092099544,-0.00049414606135878
663,0.0657438152925175,-0.0004956186023472586
664,0.06575950353157656,-0.0005859815968043414
665,0.06581441065997384,-0.0006343554162744347
666,0.06583026652150237,-0.0007245730717266863
667,0.06584012754050084,-0.0008212326928676017
668,0.06610926419595275,-0.0006401057977569735
669,0.06611677907646252,-0.0007392911814865233
670,0.06618826793408694,-0.0007699366481312975
671,0.06660883793560879,-0.0004264368615978231
672,0.0666126636904093,-0.0005295857375211543
673,0.0666247928219551,-0.0006238551059580821
674,0.06665141132988539,-0.000702609705390822
675,0.06666233575508529,-0.0007982096284075979
676,0.06671899011004012,-0.0008447895634606795
677,0.06672014769636048,-0.0009509002664476185
678,0.06672289393290098,-0.0010553297108906179
679,0.06684102827110183,-0.0010360002486056175
680,0.06689800209368268,-0.0010822829469170347
681,0.06692474779287794,-0.0011610094236520485
682,0.06693491247439043,-0.0012575456287367004
683,0.0671336912850039,-0.001151681962138662
684,0.06718137642214317,-0.0012079666332107664
685,0.067191058108793,-0.0013050574310444762
686,0.06725213914950678,-0.0013469895473570137
687,0.06737618990189898,-0.00132132257821449
688,0.06741473119468366,-0.0013874680825125552
689,0.06769596487740848,-0.0011930025980875225
690,0.06770121795094952,-0.0012949002909190543
691,0.06771667338599474,-0.0013858612969641637
692,0.06782539287343237,-0.0013766541317736802
693,0.0678352254460326,-0.0014736844058365062
694,0.06783667087741485,-0.0015797472487351083
695,0.06783742441440865,-0.0016865763869240435
696,0.06785839954476913,-0.001771696361978936
697,0.0678590242750371,-0.001878707543147673
698,0.06840534443941704,-0.0013991572726586021
699,0.06841464860941981,-0.001496820616537109
700,0.06847966300945796,-0.001534607480476291
701,0.06858432014643379,-0.0015297755517591494
702,0.06862950667386469,-0.0015888968345909582
703,0.06900726726232487,-0.0012903446965704113
704,0.06906382972753622,-0.001337216711958522
705,0.06906451019320548,-0.0014442132951197895
706,0.06908200410975651,-0.0015331440613886027
707,0.0692207215870192,-0.0014916609115889212
708,0.06924313284499783,-0.0015753244385348086
709,0.06940297720887234,-0.0015111000848653244
710,0.06942491350970703,-0.0015952949210376044
711,0.06962996898878193,-0.001482392085387918
712,0.06970810380520831,-0.0015061014267572226
713,0.06982416373153844,-0.0014889831859961067
714,0.06994661467217711,-0.0014649795275576416
715,0.06998446831112648,-0.0015320733825574528
716,0.06998757970877334,-0.0016365995790581511
717,0.06998793221453636,-0.0017441199813477137
718,0.07022554300113903,-0.0015960779499688549
719,0.07025336710127239,-0.001674020294621048
720,0.07033012895302748,-0.0016992500645127695
721,0.07048676095868012,-0.0016384176284252039
722,0.07070122954047353,-0.0015152409813328216
723,0.07094627886404015,-0.0013590770333580249
724,0.07102366922111158,-0.0013836062373981939
725,0.07102371942248509,-0.0014915180048056254
726,0.07105727674403595,-0.001563326486562877
727,0.07108506969727435,-0.0016413661271383884
728,0.07118550439158633,-0.0016410851583830155
729,0.07142512387864663,-0.0014906899296098786
730,0.07160982480190436,-0.0013994996554216321
731,0.07160988032975313,-0.0015074772448806506
732,0.07168407222274376,-0.0015354943725491843
733,0.07172040829434145,-0.0016043635982390114
734,0.07185214590098166,-0.0015702992808206417
735,0.071886618415136,-0.0016411983234814187
736,0.07227809382585482,-0.0013267853880911673
737,0.07245847501917613,-0.0012401714653198503
738,0.07248192584124291,-0.00132295654431136
739,0.07251502575436997,-0.0013953414838627776
740,0.07255970330102712,-0.001455240463610119
741,0.07256762155181373,-0.001554849562956484
742,0.07273080813784527,-0.0014867843410764081
743,0.07282313086556447,-0.001495248403934557
744,0.07294368035841259,-0.001473221704433092
745,0.07315367773656312,-0.0013545517355058045
746,0.07315717125790622,-0.001458984719277634
747,0.0731968749144184,-0.001524310789012162
748,0.07319783027358673,-0.0016315277879817014
749,0.07334401849645444,-0.0015817921364125187
750,0.07357433328114815,-0.0014411071915458873
751,0.07358858384058475,-0.001533976665368364
752,0.07368856372976651,-0.0015341750936488374
753,0.0737220253391282,-0.0016063013554727945
754,0.07372386036657197,-0.0017126454893625631
755,0.07378787102613016,-0.0017517661016466235
756,0.07384329851120552,-0.0018001793797550736
757,0.07393624637991891,-0.0018080138966991566
758,0.07398154055300543,-0.0018674070558861722
759,0.07398695277327338,-0.0019699663694447977
760,0.07458363939769919,-0.0014327045089184143
761,0.07541378370094176,-0.0006426644414205818
762,0.07581397733916961,-0.00031782210279729384
763,0.07588876291118019,-0.00034516181131416523
764,0.07607105621828936,-0.0002561183275580081
765,0.07612101928029547,-0.0003103333206633252
766,0.07618792634811467,-0.0003462123072559553
767,0.07622504860645096,-0.0004143549208379671
768,0.07630335352438833,-0.0004379081574568122
769,0.07681186632033843,4.533781504112433e-06
770,0.07706316655233425,0.00016842929109306404
771,0.07706670149162242,6.392330856352935e-05
772,0.07718277565511,8.133655997455413e-05
773,0.07718508405821722,-2.453067106156226e-05
774,0.07721738341175699,-9.79171109736221e-05
775,0.07738685046987392,-2.2643051678095105e-05
776,0.07740229770147367,-0.00011431323536026383
777,0.07744917365049242,-0.0001719302470699624
778,0.07748470639629024,-0.00024185867962400742
779,0.07749757604175955,-0.0003363775250455614
780,0.07787620493920278,-3.425453502292619e-05
781,0.07802250480536266,1.5948101618645794e-05
782,0.07809925712343191,-9.27837088360306e-06
783,0.07815998820912229,-5.189084268053534e-05
784,0.0782043919996045,-0.00011222703949176349
785,0.0782579433474978,-0.00016265051203157022
786,0.07826150529103892,-0.00026733325319105994
787,0.07858059781135796,-2.9588894413512534e-05
788,0.0785806504166996,-0.00013808906680656818
789,0.07870645551411115,-0.00011010219459373083
790,0.07875207764339298,-0.0001691613076777454
791,0.07877496135596107,-0.00025292229359807905
792,0.07878778288042565,-0.0003476280385124042
793,0.07941613238913747,0.00022612227207408075
794,0.0800364071827242,0.000791226962856828
795,0.08012091753255712,0.0007744763072284888
796,0.08074189231000217,0.0013405238165701272
797,0.08075451085721852,0.0012457192286567942
798,0.08080224067217767,0.0011890463465664691
799,0.0808728689827537,0.0011572456209709703
800,0.08124068325994938,0.0014484339039383398
801,0.08130926371742364,0.0014144285151124203
802,0.08131704066158862,0.001314317196697723
803,0.08192214792094366,0.001863603029413352
804,0.08193777548192982,0.001772054919945143
805,0.08196041255433884,0.001688109312760755
806,0.08211516539015007,0.0017478288814564147
807,0.08223408429648793,0.0017685857587927956
808,0.0822419438288502,0.0016685374613438775
809,0.08236346545713613,0.0016921217610601502
810,0.08236497258915199,0.0015851317648455376
811,0.08241182256565616,0.0015274582472517562
812,0.0824423332240779,0.0014519906299036434
813,0.08248229973543131,0.0013867981990397515
814,0.08267278956643087,0.0014854368468040224
815,0.08273653361016398,0.0014461186247175517
816,0.08275747373806186,0.001360189449791105
817,0.0831967687617714,0.001729771409011427
818,0.08332661644584538,0.0017624523896764277
819,0.0834467310093282,0.0017845401766989344
820,0.08344725721271029,0.0016763752581581137
821,0.0835471450778692,0.0016764248429692596
822,0.08391282798244692,0.0019660456522647696
823,0.08391489917044026,0.0018595485240527898
824,0.08420474645675591,0.002066615063328503
825,0.08511174613858219,0.0029463051378401106
826,0.08513589736923177,0.002863945693802883
827,0.08540950463944574,0.0030534870696410366
828,0.08575686398123117,0.0033234717562505844
829,0.08578085457999829,0.003240951362490807
830,0.08580869371412736,0.003162609427214691
831,0.08587769786539323,0.0031291417773002816
832,0.08587837951092436,0.003021151475756101
833,0.08591400737850408,0.002951255566451705
834,0.08601962217362147,0.0029576916991098656
835,0.08620216498007094,0.0030480575707287905
836,0.08621296909322584,0.0029510560850245504
837,0.08626437241784612,0.002898336768093701
838,0.08654813356577395,0.003099190954395703
839,0.08657751260653068,0.003022437348837448
840,0.08660896348963798,0.0029479285952936918
841,0.08664674384052273,0.002880313534379897
842,0.08674832640216101,0.0028823450202235534
843,0.08675110601435498,0.0027764889196827403
844,0.08713002074856435,0.0030813758699099747
845,0.0871494977756041,0.0029937551347094526
846,0.08742106448780107,0.003181475181726401
847,0.08748200127233019,0.0031391380664295143
848,0.0874914807011895,0.0030405720641601963
849,0.08749436069530137,0.002934773532107804
850,0.08754874771181254,0.0028852380732693472
851,0.08758271511609184,0.002813375062389545
852,0.08759899391086767,0.002722162233796066
853,0.08762071831640361,0.0026368823052059787
854,0.08764714421109676,0.002556723700716801
855,0.08784469714260223,0.0026636551917855744
856,0.08785977627883457,0.0025710742576626755
857,0.08808677801778342,0.002710236618157724
858,0.08836259482920095,0.002902820575057974
859,0.0883859693931679,0.0028193094806132635
860,0.08849576012324989,0.00283031788538024
861,0.08850157059654118,0.0027275636716068696
862,0.08869949849320291,0.002835006066265633
863,0.0887715641257738,0.002804735656518842
864,0.08925393458965036,0.003223521449421285
865,0.08928942856230304,0.003153256288392914
866,0.08933510740104822,0.003094125126240632
867,0.0896978891923429,0.003382151980098169
868,0.0897211542753591,0.0032984911957201213
869,0.08972115433831152,0.0031893354757175363
870,0.08972163986634574,0.0030806875162749936
871,0.08973601354428173,0.0029872274541870025
872,0.08976200828724135,0.0029064768694265775
873,0.08994059780443864,0.002992882376090966
874,0.09014506193987204,0.003107656622483135
875,0.09025819123710566,0.003122373060802097
876,0.09033730210808266,0.003099811900341698
877,0.09040566586222376,0.0030654667276527325
878,0.0904058842277321,0.002956417056905747
879,0.09051392764256949,0.0029655479111997396
880,0.09096053250329172,0.0033458733004839702
881,0.09096615056498258,0.003242739280541751
882,0.0909876099827992,0.003156954619215724
883,0.09108860619371584,0.00315838250860645
884,0.09118445261965358,0.003154162104422431
885,0.09125762588308428,0.003125068700489231
886,0.0914119450448726,0.003184994349756498
887,0.09150596935032063,0.003178776202551914
888,0.09153144907208466,0.0030973396918101415
889,0.0915530124021432,0.003011587203274102
890,0.09155547806748365,0.0029048545770328227
891,0.09155993933748174,0.002800289102588671
892,0.0916137997145754,0.0027499322953491445
893,0.09168960258857106,0.0027236561198112907
894,0.09241274299925983,0.0034081942949262256
895,0.09267307666336089,0.0035846341083959343
896,0.09278443940989367,0.003597496667346878
897,0.09285233357945988,0.0035626149028912257
898,0.09290965625289394,0.0035161121591613664
899,0.09304426050257053,0.0035545061823099022
900,0.09306359623748861,0.0034662526130383453
901,0.09334983346797054,0.003671280893091322
902,0.09339234999308221,0.0036084972060703713
903,0.09344837267458317,0.0035605450558598983
904,0.09345988034751218,0.0034636481524596974
905,0.09378786330247968,0.0037146613701477538
906,0.09379225728590923,0.003609938487113107
907,0.09414813956667367,0.003891702136497255
908,0.09419818096967314,0.003837176805517095
909,0.09440958542390432,0.003960119310704946
910,0.09444918485608678,0.0038941033416954873
911,0.0945183733327537,0.0038606243760815895
912,0.09457617837944621,0.0038146135140936233
913,0.09491561949989857,0.0040784944843718085
914,0.09491857648730595,0.00397213804716845
915,0.09491859185902174,0.0038625206382342236
916,0.09493590372671856,0.00377191780751418
917,0.09513888833548556,0.0038856924437432605
918,0.09529969870004873,0.003953059601606301
919,0.09570107879616596,0.004285330567433521
920,0.095761575195489,0.0042422896893936635
921,0.0958012163904034,0.004176270810402394
922,0.09639809177993508,0.0047240052552953715
923,0.09650691046979054,0.0047342291271824655
924,0.09673737317711095,0.004878470074695107
925,0.09693152428260865,0.00498273402774696
926,0.09693155842126333,0.004873115787327742
927,0.09695837952915509,0.004792994259012584
928,0.09696101817634195,0.004686201581265759
929,0.09747787658481766,0.005146211880894369
930,0.09757444503107837,0.005142985211218476
931,0.09822123029692353,0.00574639781000541
932,0.0982685791229917,0.00568896368006111
933,0.0982691701959898,0.005579952882949324
934,0.09831996541578458,0.005526288792458645
935,0.09899934180360304,0.0061659590396278
936,0.09900840768842323,0.006066313821331049
937,0.09932405704401126,0.006304893124028377
938,0.09957789160269892,0.006475318708385247
939,0.09989247514117061,0.006712819659702607
940,0.0999763355890041,0.0066957372576657015
941,0.09997638152266786,0.006586139623043996
942,0.10001903329341677,0.006523549779297366
943,0.10003978816114134,0.006436771759219639
944,0.1000921214546765,0.006384841257211837
945,0.10010666672601465,0.0062911717938620715
946,0.10021847614300561,0.006304897609223925
947,0.10057566441351817,0.0065896463570934705
948,0.10059230681925735,0.006498285007264015
949,0.10061505495207523,0.006413648709070796
950,0.10072759894634775,0.006428205730887426
951,0.10085205590245883,0.0064559296020206824
952,0.10085228158250559,0.006346370860242367
953,0.10089773149013692,0.006286770992580792
954,0.10090012310619201,0.0061795634466961236
955,0.10095016727612471,0.006125010789825414
956,0.10109767490894284,0.006178201173653086
957,0.1010980006573795,0.006068661790681995
958,0.1011284931807005,0.0059924577874169715
959,0.10117884326445725,0.005938198628614999
960,0.10118971710010505,0.0058402634163662315
961,0.10144509971265936,0.006012783717986525
962,0.10154178740472042,0.006009773429940135
963,0.10175020749627006,0.006130388929423969
964,0.10178893029745151,0.006063248566203772
965,0.10181508190472155,0.005982180848401852
966,0.10188021271988368,0.005944238098972376
967,0.10197360981002712,0.005937576053411053
968,0.10201213886189431,0.0058701701151551156
969,0.10201651688589353,0.005764937697048889
970,0.10211222263855257,0.005760809984815873
971,0.10211726630027829,0.00565627929299839
972,0.10234027080872188,0.005793128911875223
973,0.10236254711948622,0.005707666849201654
974,0.10246605779285378,0.005712177251356643
975,0.10254092964619621,0.0056849590617524814
976,0.10254676832313325,0.005581242959110111
977,0.10259309316963738,0.00552236934536221
978,0.10260640597297366,0.005426895735287429
979,0.10260862861974862,0.005319108476761647
980,0.1026260848104722,0.005228184259413626
981,0.10262864616824041,0.005120726581243518
982,0.10264610032129895,0.005029757941080848
983,0.10268728291976681,0.004965081725046949
984,0.10269966036979372,0.004868445434512925
985,0.10270298425000801,0.0047617459252169425
986,0.10287068016491896,0.004837356442092711
987,0.10296466378261426,0.004831207496101109
988,0.10344847542366375,0.005257579423126213
989,0.10358890145225275,0.0053030102786678635
990,0.1036826856186126,0.005296689622697914
991,0.10401571596115067,0.005555904528310118
992,0.10402275816849449,0.005453325813363219
993,0.10411788648295317,0.00544851192883844
994,0.10414623274621992,0.005369551546685836
995,0.10417666383781587,0.005292888585710198
996,0.10428042346747968,0.005297640409965498
997,0.10428814712907153,0.005195732882770865
998,0.10428828429075176,0.005085375985695029
999,0.10429763863069397,0.004985233714954962
1000,0.10461827945843682,0.005230908478323193
1001,0.10461827945843682,0.0051203662968006824
